Date,NSW,,VIC,,QLD,,WA,,SA,,TAS,,ACT,,NT
25-Jan-20,,,,,,,,,,,,,,,
26-Jan-20,0.00%,,,,,,,,,,,,,,
27-Jan-20,0.00%,,0.00%,,,,,,,,,,,,
28-Jan-20,0.00%,,0.00%,,,,,,,,,,,,
29-Jan-20,0.00%,,0.00%,,,,,,,,,,,,
30-Jan-20,0.00%,,0.00%,,,,,,,,,,,,
31-Jan-20,0.00%,,0.00%,,,,,,,,,,,,
1-Feb-20,0.00%,,0.00%,,,,,,,,,,,,
2-Feb-20,0.00%,,0.00%,,,,,,,,,,,,
3-Feb-20,0.00%,,0.00%,,,,,,,,,,,,
4-Feb-20,0.00%,,0.00%,,,,,,,,,,,,
5-Feb-20,0.00%,,0.00%,,,,,,,,,,,,
6-Feb-20,0.00%,,0.00%,,,,,,,,,,,,
7-Feb-20,0.00%,,0.00%,,,,,,,,,,,,
8-Feb-20,0.00%,,0.00%,,,,,,,,,,,,
9-Feb-20,0.00%,,0.00%,,,,,,,,,,,,
10-Feb-20,0.00%,,0.00%,,,,,,,,,,,,
11-Feb-20,0.00%,,0.00%,,,,,,,,,,,,
12-Feb-20,0.00%,,0.00%,,,,,,,,,,,,
13-Feb-20,0.00%,,0.00%,,,,,,,,,,,,
14-Feb-20,0.00%,,0.00%,,,,,,,,,,,,
15-Feb-20,0.00%,,0.00%,,,,,,,,,,,,
16-Feb-20,0.00%,,0.00%,,,,,,,,,,,,
17-Feb-20,0.00%,,0.00%,,,,,,,,,,,,
18-Feb-20,0.00%,,0.00%,,,,,,,,,,,,
19-Feb-20,0.00%,,0.00%,,,,,,,,,,,,
20-Feb-20,0.00%,,0.00%,,,,,,,,,,,,
21-Feb-20,0.00%,,0.00%,,,,,,,,,,,,
22-Feb-20,0.00%,,0.00%,,,,,,,,,,,,
23-Feb-20,0.00%,,0.00%,,,,,,,,,,,,
24-Feb-20,0.00%,,0.00%,,,,,,,,,,,,
25-Feb-20,0.00%,,0.00%,,,,,,,,,,,,
26-Feb-20,0.00%,,0.00%,,,,,,,,,,,,
27-Feb-20,0.00%,,0.00%,,,,,,,,,,,,
28-Feb-20,0.00%,,0.00%,,,,,,,,,,,,
29-Feb-20,0.00%,,0.00%,,,,,,,,,,,,
1-Mar-20,0.00%,,0.00%,,,,25.00%,,,,,,,,
2-Mar-20,0.00%,,0.00%,,,,20.00%,,,,,,,,
3-Mar-20,0.00%,,0.00%,,,,16.67%,,,,,,,,
4-Mar-20,6.67%,,0.00%,,,,12.50%,,,,,,,,
5-Mar-20,4.76%,,0.00%,,,,11.11%,,,,,,,,
6-Mar-20,4.00%,,0.00%,,,,7.69%,,,,,,,,
7-Mar-20,3.13%,,0.00%,,,,6.67%,,,,,,,,
8-Mar-20,5.88%,,0.00%,,,,6.25%,,,,,,,,
9-Mar-20,4.88%,,0.00%,,,,5.26%,,,,,,,,
10-Mar-20,3.70%,,0.00%,,,,4.00%,,,,,,,,
11-Mar-20,3.33%,,0.00%,,,,3.23%,,,,,,,,
12-Mar-20,2.63%,,0.00%,,,,2.33%,,,,,,,,
13-Mar-20,2.22%,,0.00%,,2.86%,,2.00%,,,,,,0.00%,,
14-Mar-20,1.84%,,0.00%,,2.17%,,1.79%,,,,,,0.00%,,
15-Mar-20,3.10%,,0.00%,,1.64%,,1.41%,,,,,,0.00%,,
16-Mar-20,2.40%,,0.00%,,1.47%,,1.22%,,,,,,0.00%,,
17-Mar-20,2.04%,,0.00%,,1.28%,,0.97%,,,,,,0.00%,,
18-Mar-20,1.92%,,0.00%,,1.06%,,0.74%,,,,,,0.00%,,
19-Mar-20,1.64%,,0.00%,,0.69%,,0.61%,,,,,,0.00%,,
20-Mar-20,1.66%,,0.00%,,0.54%,,0.47%,,,,,,0.00%,,
21-Mar-20,1.34%,,0.00%,,0.45%,,0.39%,,,,,,0.00%,,
22-Mar-20,1.05%,,0.00%,,0.39%,,0.36%,,,,,,0.00%,,
23-Mar-20,0.87%,,0.00%,,0.31%,,0.33%,,,,,,0.00%,,
24-Mar-20,0.81%,,0.00%,,0.25%,,0.29%,,,,,,0.00%,,
25-Mar-20,0.66%,,0.00%,,0.45%,,0.27%,,,,,,0.00%,,
26-Mar-20,0.55%,,0.58%,,0.41%,,0.51%,,,,,,0.00%,,
27-Mar-20,0.48%,,0.52%,,0.36%,,0.48%,,,,,,0.00%,,
28-Mar-20,0.48%,,0.44%,,0.32%,,0.46%,,0.00%,,0.00%,,0.00%,,0.00%
29-Mar-20,0.44%,,0.53%,,0.46%,,0.45%,,0.00%,,0.00%,,0.00%,,0.00%
30-Mar-20,0.41%,,0.49%,,0.44%,,0.44%,,0.00%,,1.47%,,1.30%,,0.00%
31-Mar-20,0.40%,,0.45%,,0.40%,,0.43%,,0.00%,,2.94%,,1.25%,,0.00%
1-Apr-20,0.42%,,0.42%,,0.38%,,0.42%,,0.00%,,2.82%,,1.19%,,0.00%
2-Apr-20,0.44%,,0.59%,,0.48%,,0.41%,,0.00%,,2.74%,,1.14%,,0.00%
3-Apr-20,0.51%,,0.65%,,0.46%,,0.60%,,0.00%,,2.53%,,1.10%,,0.00%
4-Apr-20,0.49%,,0.73%,,0.44%,,0.60%,,0.00%,,2.47%,,2.15%,,0.00%
5-Apr-20,0.63%,,0.71%,,0.55%,,0.59%,,0.00%,,2.35%,,2.08%,,0.00%
6-Apr-20,0.69%,,0.87%,,0.54%,,0.78%,,0.00%,,2.27%,,2.08%,,0.00%
7-Apr-20,0.79%,,0.93%,,0.54%,,1.15%,,0.24%,,3.09%,,2.06%,,0.00%
8-Apr-20,0.78%,,0.99%,,0.53%,,1.14%,,0.48%,,2.83%,,2.02%,,0.00%
9-Apr-20,0.77%,,0.98%,,0.53%,,1.12%,,0.71%,,2.70%,,2.00%,,0.00%
10-Apr-20,0.79%,,1.05%,,0.52%,,1.12%,,0.70%,,3.25%,,1.96%,,0.00%
11-Apr-20,0.82%,,1.11%,,0.51%,,1.12%,,0.70%,,3.01%,,1.96%,,0.00%
12-Apr-20,0.85%,,1.11%,,0.51%,,1.11%,,0.93%,,3.47%,,1.96%,,0.00%
13-Apr-20,0.92%,,1.10%,,0.51%,,1.11%,,0.93%,,3.31%,,1.96%,,0.00%
14-Apr-20,0.91%,,1.09%,,0.50%,,1.10%,,0.92%,,3.57%,,1.94%,,0.00%
15-Apr-20,0.91%,,1.09%,,0.50%,,1.10%,,0.92%,,3.53%,,2.91%,,0.00%
16-Apr-20,0.90%,,1.08%,,0.50%,,1.09%,,0.92%,,3.30%,,2.91%,,0.00%
17-Apr-20,0.89%,,1.08%,,0.50%,,1.27%,,0.91%,,3.74%,,2.89%,,0.00%
18-Apr-20,0.92%,,1.07%,,0.59%,,1.27%,,0.92%,,4.17%,,2.89%,,0.00%
19-Apr-20,0.95%,,1.13%,,0.59%,,1.27%,,0.92%,,4.17%,,2.89%,,0.00%
20-Apr-20,0.98%,,1.13%,,0.59%,,1.27%,,0.92%,,3.96%,,2.89%,,0.00%
21-Apr-20,0.98%,,1.13%,,0.59%,,1.27%,,0.92%,,3.94%,,2.89%,,0.00%
22-Apr-20,1.08%,,1.12%,,0.59%,,1.27%,,0.92%,,3.87%,,2.89%,,0.00%
23-Apr-20,1.08%,,1.20%,,0.59%,,1.27%,,0.91%,,3.87%,,2.89%,,0.00%
24-Apr-20,1.11%,,1.19%,,0.59%,,1.45%,,0.91%,,4.31%,,2.89%,,0.00%
25-Apr-20,1.14%,,1.19%,,0.59%,,1.45%,,0.91%,,4.76%,,2.83%,,0.00%
26-Apr-20,1.17%,,1.26%,,0.58%,,1.45%,,0.91%,,5.14%,,2.83%,,0.00%
27-Apr-20,1.17%,,1.26%,,0.58%,,1.45%,,0.91%,,5.07%,,2.83%,,0.00%
28-Apr-20,1.20%,,1.26%,,0.58%,,1.45%,,0.91%,,5.00%,,2.83%,,0.00%
29-Apr-20,1.33%,,1.33%,,0.58%,,1.45%,,0.91%,,4.98%,,2.83%,,0.00%
30-Apr-20,1.37%,,1.32%,,0.58%,,1.45%,,0.91%,,5.38%,,2.83%,,0.00%
1-May-20,1.39%,,1.32%,,0.58%,,1.45%,,0.91%,,5.83%,,2.83%,,0.00%
2-May-20,1.39%,,1.31%,,0.58%,,1.45%,,0.91%,,5.83%,,2.83%,,0.00%
3-May-20,1.42%,,1.30%,,0.58%,,1.63%,,0.91%,,5.83%,,2.83%,,0.00%
4-May-20,1.42%,,1.28%,,0.58%,,1.63%,,0.91%,,5.83%,,2.80%,,0.00%
5-May-20,1.49%,,1.27%,,0.58%,,1.63%,,0.91%,,5.78%,,2.80%,,0.00%
6-May-20,1.48%,,1.25%,,0.58%,,1.63%,,0.91%,,5.75%,,2.80%,,0.00%
7-May-20,1.48%,,1.24%,,0.57%,,1.63%,,0.91%,,5.73%,,2.80%,,0.00%
8-May-20,1.48%,,1.23%,,0.57%,,1.63%,,0.91%,,5.73%,,2.80%,,0.00%
9-May-20,1.48%,,1.22%,,0.57%,,1.63%,,0.91%,,5.73%,,2.80%,,0.00%
10-May-20,1.48%,,1.21%,,0.57%,,1.62%,,0.91%,,5.73%,,2.80%,,0.00%
11-May-20,1.48%,,1.21%,,0.57%,,1.62%,,0.91%,,5.73%,,2.80%,,0.00%
12-May-20,1.48%,,1.20%,,0.57%,,1.62%,,0.91%,,5.73%,,2.80%,,0.00%
13-May-20,1.51%,,1.19%,,0.57%,,1.62%,,0.91%,,5.73%,,2.80%,,0.00%
14-May-20,1.51%,,1.18%,,0.57%,,1.61%,,0.91%,,5.73%,,2.80%,,0.00%
15-May-20,1.51%,,1.17%,,0.57%,,1.60%,,0.91%,,5.70%,,2.80%,,0.00%
16-May-20,1.51%,,1.16%,,0.57%,,1.60%,,0.91%,,5.70%,,2.80%,,0.00%
17-May-20,1.51%,,1.15%,,0.57%,,1.59%,,0.91%,,5.70%,,2.80%,,0.00%
18-May-20,1.54%,,1.15%,,0.57%,,1.58%,,0.91%,,5.70%,,2.80%,,0.00%
19-May-20,1.54%,,1.14%,,0.57%,,1.58%,,0.91%,,5.70%,,2.80%,,0.00%
20-May-20,1.57%,,1.14%,,0.57%,,1.58%,,0.91%,,5.70%,,2.80%,,0.00%
21-May-20,1.57%,,1.14%,,0.57%,,1.56%,,0.91%,,5.70%,,2.80%,,0.00%
22-May-20,1.60%,,1.13%,,0.57%,,1.56%,,0.91%,,5.70%,,2.80%,,0.00%
23-May-20,1.60%,,1.19%,,0.57%,,1.55%,,0.91%,,5.70%,,2.80%,,0.00%
24-May-20,1.60%,,1.19%,,0.57%,,1.55%,,0.91%,,5.70%,,2.80%,,0.00%
25-May-20,1.60%,,1.18%,,0.57%,,1.54%,,0.91%,,5.70%,,2.80%,,0.00%
26-May-20,1.60%,,1.18%,,0.57%,,1.54%,,0.91%,,5.70%,,2.80%,,0.00%
27-May-20,1.60%,,1.17%,,0.57%,,1.54%,,0.91%,,5.70%,,2.80%,,0.00%
28-May-20,1.60%,,1.17%,,0.57%,,1.54%,,0.91%,,5.70%,,2.80%,,0.00%
29-May-20,1.59%,,1.16%,,0.57%,,1.54%,,0.91%,,5.70%,,2.80%,,0.00%
30-May-20,1.59%,,1.16%,,0.57%,,1.54%,,0.91%,,5.70%,,2.80%,,0.00%
31-May-20,1.59%,,1.15%,,0.57%,,1.54%,,0.91%,,5.70%,,2.80%,,0.00%
1-Jun-20,1.59%,,1.15%,,0.57%,,1.54%,,0.91%,,5.70%,,2.80%,,0.00%
2-Jun-20,1.59%,,1.14%,,0.57%,,1.54%,,0.91%,,5.70%,,2.80%,,0.00%
3-Jun-20,1.59%,,1.14%,,0.57%,,1.52%,,0.91%,,5.70%,,2.80%,,0.00%
4-Jun-20,1.59%,,1.13%,,0.57%,,1.52%,,0.91%,,5.70%,,2.80%,,0.00%
5-Jun-20,1.58%,,1.13%,,0.57%,,1.52%,,0.91%,,5.70%,,2.80%,,0.00%
6-Jun-20,1.58%,,1.13%,,0.57%,,1.52%,,0.91%,,5.70%,,2.80%,,0.00%
7-Jun-20,1.58%,,1.13%,,0.57%,,1.52%,,0.91%,,5.70%,,2.80%,,0.00%
8-Jun-20,1.58%,,1.13%,,0.57%,,1.52%,,0.91%,,5.70%,,2.78%,,0.00%
9-Jun-20,1.58%,,1.13%,,0.57%,,1.52%,,0.91%,,5.70%,,2.78%,,0.00%
10-Jun-20,1.58%,,1.12%,,0.57%,,1.52%,,0.91%,,5.70%,,2.78%,,0.00%
11-Jun-20,1.58%,,1.12%,,0.56%,,1.52%,,0.91%,,5.70%,,2.78%,,0.00%
12-Jun-20,1.58%,,1.11%,,0.56%,,1.52%,,0.91%,,5.70%,,2.78%,,0.00%
13-Jun-20,1.58%,,1.11%,,0.56%,,1.52%,,0.91%,,5.70%,,2.78%,,0.00%
14-Jun-20,1.57%,,1.10%,,0.56%,,1.52%,,0.91%,,5.70%,,2.78%,,0.00%
15-Jun-20,1.57%,,1.10%,,0.56%,,1.52%,,0.91%,,5.70%,,2.78%,,0.00%
16-Jun-20,1.57%,,1.09%,,0.56%,,1.52%,,0.91%,,5.70%,,2.78%,,0.00%
17-Jun-20,1.57%,,1.08%,,0.56%,,1.52%,,0.91%,,5.70%,,2.78%,,0.00%
18-Jun-20,1.57%,,1.07%,,0.56%,,1.51%,,0.91%,,5.70%,,2.78%,,0.00%
19-Jun-20,1.57%,,1.06%,,0.56%,,1.51%,,0.91%,,5.70%,,2.78%,,0.00%
20-Jun-20,1.56%,,1.05%,,0.56%,,1.51%,,0.91%,,5.70%,,2.78%,,0.00%
21-Jun-20,1.56%,,1.04%,,0.56%,,1.51%,,0.91%,,5.70%,,2.78%,,0.00%
22-Jun-20,1.56%,,1.03%,,0.56%,,1.51%,,0.91%,,5.70%,,2.78%,,0.00%
23-Jun-20,1.56%,,1.02%,,0.56%,,1.51%,,0.91%,,5.70%,,2.78%,,0.00%
24-Jun-20,1.56%,,1.06%,,0.56%,,1.51%,,0.91%,,5.70%,,2.78%,,0.00%
25-Jun-20,1.55%,,1.04%,,0.56%,,1.51%,,0.91%,,5.70%,,2.78%,,0.00%
26-Jun-20,1.55%,,1.03%,,0.56%,,1.50%,,0.91%,,5.70%,,2.78%,,0.00%
27-Jun-20,1.55%,,1.01%,,0.56%,,1.50%,,0.91%,,5.70%,,2.78%,,0.00%
28-Jun-20,1.54%,,0.98%,,0.56%,,1.50%,,0.91%,,5.70%,,2.78%,,0.00%
29-Jun-20,1.54%,,0.95%,,0.56%,,1.50%,,0.90%,,5.70%,,2.78%,,0.00%
30-Jun-20,1.54%,,0.93%,,0.56%,,1.50%,,0.90%,,5.70%,,2.78%,,0.00%
1-Jul-20,1.53%,,0.89%,,0.56%,,1.50%,,0.90%,,5.70%,,2.78%,,0.00%
2-Jul-20,1.53%,,0.87%,,0.56%,,1.50%,,0.90%,,5.70%,,2.78%,,0.00%
3-Jul-20,1.53%,,0.84%,,0.56%,,1.48%,,0.90%,,5.70%,,2.78%,,0.00%
4-Jul-20,1.53%,,0.81%,,0.56%,,1.48%,,0.90%,,5.70%,,2.78%,,0.00%
5-Jul-20,1.52%,,0.79%,,0.56%,,1.48%,,0.90%,,5.70%,,2.78%,,0.00%
6-Jul-20,1.52%,,0.83%,,0.56%,,1.46%,,0.90%,,5.70%,,2.78%,,0.00%
7-Jul-20,1.51%,,0.78%,,0.56%,,1.46%,,0.90%,,5.70%,,2.78%,,0.00%
8-Jul-20,1.51%,,0.75%,,0.56%,,1.45%,,0.90%,,5.70%,,2.78%,,0.00%
9-Jul-20,1.50%,,0.72%,,0.56%,,1.45%,,0.90%,,5.70%,,2.70%,,0.00%
10-Jul-20,1.50%,,0.68%,,0.56%,,1.45%,,0.90%,,5.70%,,2.66%,,0.00%
11-Jul-20,1.49%,,0.66%,,0.56%,,1.45%,,0.90%,,5.70%,,2.66%,,0.00%
12-Jul-20,1.49%,,0.64%,,0.56%,,1.44%,,0.90%,,5.70%,,2.66%,,0.00%
13-Jul-20,1.49%,,0.61%,,0.56%,,1.42%,,0.90%,,5.70%,,2.66%,,0.00%
14-Jul-20,1.48%,,0.62%,,0.56%,,1.42%,,0.90%,,5.70%,,2.66%,,0.00%
15-Jul-20,1.47%,,0.61%,,0.56%,,1.42%,,0.90%,,5.70%,,2.66%,,0.00%
16-Jul-20,1.47%,,0.62%,,0.56%,,1.42%,,0.90%,,5.70%,,2.66%,,0.00%
17-Jul-20,1.47%,,0.63%,,0.56%,,1.42%,,0.90%,,5.70%,,2.66%,,0.00%
18-Jul-20,1.46%,,0.66%,,0.56%,,1.42%,,0.90%,,5.70%,,2.66%,,0.00%
19-Jul-20,1.45%,,0.68%,,0.56%,,1.42%,,0.90%,,5.70%,,2.66%,,0.00%
20-Jul-20,1.44%,,0.66%,,0.56%,,1.42%,,0.90%,,5.68%,,2.66%,,0.00%
21-Jul-20,1.44%,,0.68%,,0.56%,,1.42%,,0.90%,,5.68%,,2.66%,,0.00%
22-Jul-20,1.43%,,0.66%,,0.56%,,1.42%,,0.90%,,5.68%,,2.66%,,0.00%
23-Jul-20,1.43%,,0.70%,,0.56%,,1.42%,,0.90%,,5.68%,,2.66%,,0.00%
24-Jul-20,1.42%,,0.77%,,0.56%,,1.41%,,0.90%,,5.68%,,2.66%,,0.00%
25-Jul-20,1.42%,,0.80%,,0.56%,,1.41%,,0.90%,,5.68%,,2.66%,,0.00%
26-Jul-20,1.41%,,0.88%,,0.56%,,1.41%,,0.90%,,5.68%,,2.66%,,0.00%
27-Jul-20,1.40%,,0.90%,,0.56%,,1.41%,,0.90%,,5.68%,,2.66%,,0.00%
28-Jul-20,1.40%,,0.93%,,0.56%,,1.40%,,0.89%,,5.68%,,2.66%,,0.00%
29-Jul-20,1.39%,,1.00%,,0.56%,,1.40%,,0.89%,,5.68%,,2.66%,,0.00%
30-Jul-20,1.38%,,1.07%,,0.56%,,1.40%,,0.89%,,5.68%,,2.66%,,0.00%
31-Jul-20,1.37%,,1.09%,,0.56%,,1.40%,,0.89%,,5.68%,,2.66%,,0.00%
1-Aug-20,1.40%,,1.08%,,0.55%,,1.40%,,0.89%,,5.68%,,2.66%,,0.00%
2-Aug-20,1.39%,,1.09%,,0.55%,,1.40%,,0.88%,,5.68%,,2.66%,,0.00%
3-Aug-20,1.39%,,1.16%,,0.55%,,1.40%,,0.88%,,5.68%,,2.66%,,0.00%
4-Aug-20,1.38%,,1.22%,,0.55%,,1.40%,,0.88%,,5.68%,,2.66%,,0.00%
5-Aug-20,1.38%,,1.27%,,0.55%,,1.40%,,0.88%,,5.68%,,2.66%,,0.00%
6-Aug-20,1.37%,,1.29%,,0.55%,,1.40%,,0.88%,,5.68%,,2.66%,,0.00%
7-Aug-20,1.37%,,1.33%,,0.55%,,1.40%,,0.87%,,5.68%,,2.66%,,0.00%
8-Aug-20,1.37%,,1.37%,,0.55%,,1.40%,,0.87%,,5.68%,,2.66%,,0.00%
9-Aug-20,1.36%,,1.45%,,0.55%,,1.40%,,0.87%,,5.68%,,2.66%,,0.00%
10-Aug-20,1.36%,,1.54%,,0.55%,,1.40%,,0.87%,,5.68%,,2.66%,,0.00%
11-Aug-20,1.35%,,1.63%,,0.55%,,1.40%,,0.87%,,5.65%,,2.66%,,0.00%
12-Aug-20,1.34%,,1.72%,,0.55%,,1.40%,,0.87%,,5.65%,,2.66%,,0.00%
13-Aug-20,1.37%,,1.75%,,0.55%,,1.40%,,0.87%,,5.65%,,2.66%,,0.00%
14-Aug-20,1.36%,,1.79%,,0.55%,,1.40%,,0.87%,,5.65%,,2.66%,,0.00%
15-Aug-20,1.36%,,1.79%,,0.55%,,1.39%,,0.87%,,5.65%,,2.66%,,0.00%
16-Aug-20,1.38%,,1.85%,,0.55%,,1.39%,,0.87%,,5.65%,,2.66%,,0.00%
17-Aug-20,1.38%,,1.97%,,0.55%,,1.39%,,0.87%,,5.65%,,2.66%,,0.00%
18-Aug-20,1.38%,,2.05%,,0.55%,,1.39%,,0.87%,,5.65%,,2.66%,,0.00%
19-Aug-20,1.38%,,2.09%,,0.55%,,1.38%,,0.87%,,5.65%,,2.66%,,0.00%
20-Aug-20,1.38%,,2.14%,,0.55%,,1.38%,,0.87%,,5.65%,,2.66%,,0.00%
21-Aug-20,1.38%,,2.17%,,0.55%,,1.38%,,0.87%,,5.65%,,2.66%,,0.00%
22-Aug-20,1.37%,,2.22%,,0.54%,,1.38%,,0.87%,,5.65%,,2.66%,,0.00%
23-Aug-20,1.37%,,2.29%,,0.54%,,1.38%,,0.86%,,5.65%,,2.66%,,0.00%
24-Aug-20,1.37%,,2.36%,,0.54%,,1.38%,,0.86%,,5.65%,,2.66%,,0.00%
25-Aug-20,1.37%,,2.38%,,0.54%,,1.38%,,0.86%,,5.65%,,2.66%,,0.00%
26-Aug-20,1.37%,,2.49%,,0.54%,,1.38%,,0.86%,,5.65%,,2.66%,,0.00%
27-Aug-20,1.36%,,2.60%,,0.54%,,1.38%,,0.86%,,5.65%,,2.66%,,0.00%
28-Aug-20,1.36%,,2.64%,,0.54%,,1.37%,,0.86%,,5.65%,,2.66%,,0.00%
29-Aug-20,1.35%,,2.72%,,0.54%,,1.37%,,0.86%,,5.65%,,2.66%,,0.00%
30-Aug-20,1.35%,,2.76%,,0.54%,,1.37%,,0.86%,,5.65%,,2.66%,,0.00%
31-Aug-20,1.35%,,2.97%,,0.54%,,1.37%,,0.86%,,5.65%,,2.66%,,0.00%
1-Sep-20,1.34%,,2.99%,,0.53%,,1.37%,,0.86%,,5.65%,,2.66%,,0.00%
2-Sep-20,1.34%,,3.00%,,0.53%,,1.37%,,0.86%,,5.65%,,2.66%,,0.00%
3-Sep-20,1.33%,,3.06%,,0.53%,,1.37%,,0.86%,,5.65%,,2.66%,,0.00%
4-Sep-20,1.33%,,3.36%,,0.53%,,1.37%,,0.86%,,5.65%,,2.66%,,0.00%
5-Sep-20,1.33%,,3.40%,,0.53%,,1.37%,,0.86%,,5.65%,,2.66%,,0.00%
6-Sep-20,1.33%,,3.42%,,0.53%,,1.37%,,0.86%,,5.65%,,2.66%,,0.00%
7-Sep-20,1.33%,,3.46%,,0.53%,,1.37%,,0.86%,,5.65%,,2.66%,,0.00%
8-Sep-20,1.32%,,3.49%,,0.53%,,1.37%,,0.86%,,5.65%,,2.66%,,0.00%
9-Sep-20,1.32%,,3.53%,,0.53%,,1.37%,,0.86%,,5.65%,,2.66%,,0.00%
10-Sep-20,1.32%,,3.56%,,0.53%,,1.37%,,0.86%,,5.65%,,2.66%,,0.00%
11-Sep-20,1.31%,,3.60%,,0.52%,,1.37%,,0.86%,,5.65%,,2.66%,,0.00%
12-Sep-20,1.31%,,3.62%,,0.52%,,1.37%,,0.86%,,5.65%,,2.66%,,0.00%
13-Sep-20,1.31%,,3.64%,,0.52%,,1.37%,,0.86%,,5.65%,,2.66%,,0.00%
14-Sep-20,1.31%,,3.67%,,0.52%,,1.37%,,0.86%,,5.65%,,2.66%,,0.00%
15-Sep-20,1.31%,,3.67%,,0.52%,,1.37%,,0.86%,,5.65%,,2.66%,,0.00%
16-Sep-20,1.30%,,3.70%,,0.52%,,1.36%,,0.86%,,5.65%,,2.66%,,0.00%
17-Sep-20,1.30%,,3.73%,,0.52%,,1.36%,,0.86%,,5.65%,,2.66%,,0.00%
18-Sep-20,1.30%,,3.75%,,0.52%,,1.36%,,0.86%,,5.65%,,2.66%,,0.00%
19-Sep-20,1.30%,,3.78%,,0.52%,,1.36%,,0.86%,,5.65%,,2.66%,,0.00%
20-Sep-20,1.32%,,3.80%,,0.52%,,1.36%,,0.86%,,5.65%,,2.66%,,0.00%
21-Sep-20,1.32%,,3.81%,,0.52%,,1.36%,,0.86%,,5.65%,,2.66%,,0.00%
22-Sep-20,1.32%,,3.82%,,0.52%,,1.35%,,0.86%,,5.65%,,2.66%,,0.00%
23-Sep-20,1.32%,,3.84%,,0.52%,,1.35%,,0.86%,,5.65%,,2.66%,,0.00%
24-Sep-20,1.32%,,3.85%,,0.52%,,1.35%,,0.86%,,5.65%,,2.66%,,0.00%
25-Sep-20,1.32%,,3.88%,,0.52%,,1.35%,,0.86%,,5.65%,,2.66%,,0.00%
26-Sep-20,1.32%,,3.89%,,0.52%,,1.35%,,0.86%,,5.65%,,2.66%,,0.00%
27-Sep-20,1.32%,,3.89%,,0.52%,,1.33%,,0.86%,,5.65%,,2.66%,,0.00%
28-Sep-20,1.32%,,3.91%,,0.52%,,1.33%,,0.86%,,5.65%,,2.66%,,0.00%
29-Sep-20,1.32%,,3.94%,,0.52%,,1.32%,,0.86%,,5.65%,,2.66%,,0.00%
30-Sep-20,1.32%,,3.96%,,0.52%,,1.32%,,0.86%,,5.65%,,2.66%,,0.00%
1-Oct-20,1.31%,,3.97%,,0.52%,,1.31%,,0.86%,,5.65%,,2.66%,,0.00%
2-Oct-20,1.31%,,3.97%,,0.52%,,1.31%,,0.85%,,5.65%,,2.66%,,0.00%
3-Oct-20,1.31%,,3.99%,,0.52%,,1.31%,,0.85%,,5.65%,,2.66%,,0.00%
4-Oct-20,1.31%,,3.99%,,0.52%,,1.31%,,0.85%,,5.65%,,2.66%,,0.00%
5-Oct-20,1.31%,,3.99%,,0.52%,,1.31%,,0.85%,,5.65%,,2.66%,,0.00%
6-Oct-20,1.31%,,3.99%,,0.52%,,1.31%,,0.85%,,5.65%,,2.66%,,0.00%
7-Oct-20,1.31%,,4.00%,,0.52%,,1.31%,,0.85%,,5.65%,,2.66%,,0.00%
8-Oct-20,1.30%,,4.00%,,0.52%,,1.30%,,0.85%,,5.65%,,2.66%,,0.00%
9-Oct-20,1.30%,,4.00%,,0.52%,,1.30%,,0.85%,,5.65%,,2.66%,,0.00%
10-Oct-20,1.30%,,3.99%,,0.52%,,1.30%,,0.85%,,5.65%,,2.66%,,0.00%
11-Oct-20,1.30%,,4.00%,,0.52%,,1.30%,,0.84%,,5.65%,,2.66%,,0.00%
12-Oct-20,1.30%,,3.99%,,0.52%,,1.29%,,0.84%,,5.65%,,2.66%,,0.00%
13-Oct-20,1.29%,,4.00%,,0.52%,,1.28%,,0.84%,,5.65%,,2.66%,,0.00%
14-Oct-20,1.29%,,4.02%,,0.52%,,1.28%,,0.84%,,5.65%,,2.66%,,0.00%
15-Oct-20,1.28%,,4.02%,,0.52%,,1.27%,,0.84%,,5.65%,,2.66%,,0.00%
16-Oct-20,1.28%,,4.02%,,0.52%,,1.27%,,0.84%,,5.65%,,2.66%,,0.00%
17-Oct-20,1.28%,,4.02%,,0.52%,,1.27%,,0.83%,,5.65%,,2.66%,,0.00%
18-Oct-20,1.28%,,4.02%,,0.52%,,1.26%,,0.83%,,5.65%,,2.66%,,0.00%
19-Oct-20,1.28%,,4.02%,,0.52%,,1.26%,,0.83%,,5.65%,,2.66%,,0.00%
20-Oct-20,1.27%,,4.02%,,0.52%,,1.22%,,0.83%,,5.65%,,2.66%,,0.00%
21-Oct-20,1.27%,,4.02%,,0.52%,,1.22%,,0.83%,,5.65%,,2.66%,,0.00%
22-Oct-20,1.27%,,4.02%,,0.52%,,1.21%,,0.83%,,5.65%,,2.63%,,0.00%
23-Oct-20,1.27%,,4.02%,,0.51%,,1.20%,,0.82%,,5.65%,,2.63%,,0.00%
24-Oct-20,1.27%,,4.02%,,0.51%,,1.19%,,0.82%,,5.65%,,2.63%,,0.00%
25-Oct-20,1.27%,,4.02%,,0.51%,,1.18%,,0.82%,,5.65%,,2.63%,,0.00%
26-Oct-20,1.26%,,4.02%,,0.51%,,1.18%,,0.81%,,5.65%,,2.63%,,0.00%
27-Oct-20,1.26%,,4.02%,,0.51%,,1.18%,,0.81%,,5.65%,,2.63%,,0.00%
28-Oct-20,1.26%,,4.03%,,0.51%,,1.18%,,0.81%,,5.65%,,2.63%,,0.00%
29-Oct-20,1.26%,,4.03%,,0.51%,,1.18%,,0.81%,,5.65%,,2.63%,,0.00%
30-Oct-20,1.26%,,4.03%,,0.51%,,1.17%,,0.81%,,5.65%,,2.63%,,0.00%
31-Oct-20,1.25%,,4.03%,,0.51%,,1.17%,,0.80%,,5.65%,,2.63%,,0.00%
1-Nov-20,1.25%,,4.03%,,0.51%,,1.17%,,0.80%,,5.65%,,2.63%,,0.00%
2-Nov-20,1.25%,,4.03%,,0.51%,,1.17%,,0.80%,,5.65%,,2.63%,,0.00%
3-Nov-20,1.25%,,4.03%,,0.51%,,1.17%,,0.80%,,5.65%,,2.63%,,0.00%
4-Nov-20,1.25%,,4.03%,,0.51%,,1.17%,,0.79%,,5.65%,,2.63%,,0.00%
5-Nov-20,1.25%,,4.03%,,0.51%,,1.16%,,0.79%,,5.65%,,2.63%,,0.00%
6-Nov-20,1.24%,,4.03%,,0.51%,,1.16%,,0.78%,,5.65%,,2.63%,,0.00%
7-Nov-20,1.24%,,4.03%,,0.51%,,1.16%,,0.78%,,5.65%,,2.63%,,0.00%
8-Nov-20,1.24%,,4.03%,,0.51%,,1.16%,,0.78%,,5.65%,,2.63%,,0.00%
9-Nov-20,1.24%,,4.03%,,0.51%,,1.16%,,0.77%,,5.65%,,2.63%,,0.00%
10-Nov-20,1.24%,,4.03%,,0.51%,,1.16%,,0.77%,,5.65%,,2.63%,,0.00%
11-Nov-20,1.24%,,4.03%,,0.51%,,1.15%,,0.77%,,5.65%,,2.63%,,0.00%
12-Nov-20,1.24%,,4.03%,,0.51%,,1.15%,,0.77%,,5.65%,,2.63%,,0.00%
13-Nov-20,1.24%,,4.03%,,0.51%,,1.15%,,0.77%,,5.65%,,2.63%,,0.00%
14-Nov-20,1.23%,,4.03%,,0.51%,,1.15%,,0.77%,,5.65%,,2.63%,,0.00%
15-Nov-20,1.23%,,4.03%,,0.51%,,1.14%,,0.76%,,5.65%,,2.63%,,0.00%
16-Nov-20,1.23%,,4.03%,,0.51%,,1.14%,,0.73%,,5.65%,,2.63%,,0.00%
17-Nov-20,1.23%,,4.03%,,0.51%,,1.14%,,0.73%,,5.65%,,2.63%,,0.00%
18-Nov-20,1.23%,,4.03%,,0.51%,,1.13%,,0.73%,,5.65%,,2.61%,,0.00%
19-Nov-20,1.23%,,4.03%,,0.50%,,1.13%,,0.73%,,5.65%,,2.61%,,0.00%
20-Nov-20,1.23%,,4.03%,,0.50%,,1.13%,,0.72%,,5.65%,,2.61%,,0.00%
21-Nov-20,1.22%,,4.03%,,0.50%,,1.13%,,0.72%,,5.65%,,2.61%,,0.00%
22-Nov-20,1.22%,,4.03%,,0.50%,,1.13%,,0.72%,,5.65%,,2.61%,,0.00%
23-Nov-20,1.22%,,4.03%,,0.50%,,1.12%,,0.72%,,5.65%,,2.61%,,0.00%
24-Nov-20,1.22%,,4.03%,,0.50%,,1.11%,,0.72%,,5.65%,,2.61%,,0.00%
25-Nov-20,1.22%,,4.03%,,0.50%,,1.11%,,0.72%,,5.65%,,2.61%,,0.00%
26-Nov-20,1.22%,,4.03%,,0.50%,,1.10%,,0.72%,,5.65%,,2.61%,,0.00%
27-Nov-20,1.21%,,4.03%,,0.50%,,1.10%,,0.71%,,5.65%,,2.61%,,0.00%
28-Nov-20,1.21%,,4.03%,,0.50%,,1.10%,,0.71%,,5.65%,,2.59%,,0.00%
29-Nov-20,1.21%,,4.03%,,0.50%,,1.10%,,0.71%,,5.65%,,2.56%,,0.00%
30-Nov-20,1.21%,,4.03%,,0.50%,,1.10%,,0.71%,,5.65%,,2.56%,,0.00%
1-Dec-20,1.21%,,4.03%,,0.50%,,1.10%,,0.71%,,5.65%,,2.56%,,0.00%
2-Dec-20,1.21%,,4.03%,,0.50%,,1.09%,,0.71%,,5.65%,,2.56%,,0.00%
3-Dec-20,1.20%,,4.03%,,0.50%,,1.09%,,0.71%,,5.65%,,2.56%,,0.00%
4-Dec-20,1.20%,,4.03%,,0.50%,,1.09%,,0.71%,,5.65%,,2.56%,,0.00%
5-Dec-20,1.20%,,4.03%,,0.50%,,1.09%,,0.71%,,5.65%,,2.56%,,0.00%
6-Dec-20,1.20%,,4.03%,,0.50%,,1.08%,,0.71%,,5.65%,,2.56%,,0.00%
7-Dec-20,1.20%,,4.03%,,0.49%,,1.08%,,0.71%,,5.65%,,2.56%,,0.00%
8-Dec-20,1.20%,,4.03%,,0.49%,,1.08%,,0.71%,,5.65%,,2.56%,,0.00%
9-Dec-20,1.20%,,4.03%,,0.49%,,1.08%,,0.71%,,5.58%,,2.56%,,0.00%
10-Dec-20,1.19%,,4.03%,,0.49%,,1.08%,,0.71%,,5.56%,,2.56%,,0.00%
11-Dec-20,1.19%,,4.03%,,0.49%,,1.08%,,0.71%,,5.56%,,2.56%,,0.00%
12-Dec-20,1.19%,,4.03%,,0.49%,,1.08%,,0.71%,,5.56%,,2.56%,,0.00%
13-Dec-20,1.19%,,4.03%,,0.49%,,1.08%,,0.71%,,5.56%,,2.56%,,0.00%
14-Dec-20,1.19%,,4.03%,,0.49%,,1.08%,,0.71%,,5.56%,,2.56%,,0.00%
15-Dec-20,1.19%,,4.03%,,0.49%,,1.07%,,0.71%,,5.56%,,2.56%,,0.00%
16-Dec-20,1.19%,,4.03%,,0.49%,,1.07%,,0.71%,,5.56%,,2.56%,,0.00%
17-Dec-20,1.18%,,4.03%,,0.49%,,1.07%,,0.71%,,5.56%,,2.56%,,0.00%
18-Dec-20,1.18%,,4.03%,,0.49%,,1.07%,,0.71%,,5.56%,,2.56%,,0.00%
19-Dec-20,1.17%,,4.03%,,0.49%,,1.07%,,0.71%,,5.56%,,2.56%,,0.00%
20-Dec-20,1.16%,,4.03%,,0.49%,,1.07%,,0.71%,,5.56%,,2.56%,,0.00%
21-Dec-20,1.16%,,4.03%,,0.49%,,1.06%,,0.71%,,5.56%,,2.54%,,0.00%
22-Dec-20,1.15%,,4.03%,,0.49%,,1.06%,,0.71%,,5.56%,,2.54%,,0.00%
23-Dec-20,1.15%,,4.03%,,0.49%,,1.06%,,0.71%,,5.56%,,2.54%,,0.00%
24-Dec-20,1.14%,,4.03%,,0.49%,,1.06%,,0.70%,,5.56%,,2.54%,,0.00%
25-Dec-20,1.14%,,4.03%,,0.48%,,1.06%,,0.70%,,5.56%,,2.54%,,0.00%
26-Dec-20,1.14%,,4.03%,,0.48%,,1.06%,,0.70%,,5.56%,,2.54%,,0.00%
27-Dec-20,1.14%,,4.03%,,0.48%,,1.05%,,0.70%,,5.56%,,2.54%,,0.00%
28-Dec-20,1.15%,,4.03%,,0.48%,,1.05%,,0.70%,,5.56%,,2.54%,,0.00%
29-Dec-20,1.15%,,4.03%,,0.48%,,1.05%,,0.70%,,5.56%,,2.54%,,0.00%
30-Dec-20,1.14%,,4.03%,,0.48%,,1.05%,,0.70%,,5.56%,,2.54%,,0.00%
31-Dec-20,1.14%,,4.03%,,0.48%,,1.05%,,0.69%,,5.56%,,2.54%,,0.00%
1-Jan-21,1.14%,,4.03%,,0.48%,,1.04%,,0.69%,,5.56%,,2.54%,,0.00%
2-Jan-21,1.14%,,4.02%,,0.48%,,1.04%,,0.69%,,5.56%,,2.54%,,0.00%
3-Jan-21,1.13%,,4.02%,,0.48%,,1.04%,,0.69%,,5.56%,,2.54%,,0.00%
4-Jan-21,1.13%,,4.02%,,0.48%,,1.04%,,0.69%,,5.56%,,2.54%,,0.00%
5-Jan-21,1.13%,,4.02%,,0.48%,,1.04%,,0.69%,,5.56%,,2.54%,,0.00%
6-Jan-21,1.13%,,4.02%,,0.48%,,1.03%,,0.69%,,5.56%,,2.54%,,0.00%
7-Jan-21,1.13%,,4.02%,,0.47%,,1.03%,,0.69%,,5.56%,,2.54%,,0.00%
8-Jan-21,1.13%,,4.02%,,0.47%,,1.03%,,0.68%,,5.56%,,2.54%,,0.00%
9-Jan-21,1.12%,,4.02%,,0.47%,,1.03%,,0.68%,,5.56%,,2.54%,,0.00%
10-Jan-21,1.12%,,4.02%,,0.47%,,1.03%,,0.68%,,5.56%,,2.54%,,0.00%
11-Jan-21,1.12%,,4.02%,,0.47%,,1.03%,,0.68%,,5.56%,,2.54%,,0.00%
12-Jan-21,1.12%,,4.02%,,0.47%,,1.03%,,0.68%,,5.56%,,2.54%,,0.00%
13-Jan-21,1.12%,,4.02%,,0.47%,,1.02%,,0.68%,,5.56%,,2.54%,,0.00%
14-Jan-21,1.11%,,4.02%,,0.47%,,1.02%,,0.68%,,5.56%,,2.54%,,0.00%
15-Jan-21,1.11%,,4.02%,,0.47%,,1.02%,,0.68%,,5.56%,,2.54%,,0.00%
16-Jan-21,1.11%,,4.02%,,0.47%,,1.02%,,0.68%,,5.56%,,2.54%,,0.00%
17-Jan-21,1.11%,,4.02%,,0.46%,,1.02%,,0.68%,,5.56%,,2.54%,,0.00%
18-Jan-21,1.11%,,4.02%,,0.46%,,1.02%,,0.68%,,5.56%,,2.54%,,0.00%
19-Jan-21,1.11%,,4.01%,,0.46%,,1.01%,,0.68%,,5.56%,,2.54%,,0.00%
20-Jan-21,1.11%,,4.01%,,0.46%,,1.01%,,0.67%,,5.56%,,2.54%,,0.00%
21-Jan-21,1.11%,,4.01%,,0.46%,,1.01%,,0.67%,,5.56%,,2.54%,,0.00%
22-Jan-21,1.11%,,4.01%,,0.46%,,1.01%,,0.67%,,5.56%,,2.54%,,0.00%
23-Jan-21,1.10%,,4.01%,,0.46%,,1.01%,,0.67%,,5.56%,,2.54%,,0.00%
24-Jan-21,1.10%,,4.01%,,0.46%,,1.01%,,0.67%,,5.56%,,2.54%,,0.00%
25-Jan-21,1.10%,,4.01%,,0.46%,,1.01%,,0.67%,,5.56%,,2.54%,,0.00%
26-Jan-21,1.10%,,4.01%,,0.46%,,1.01%,,0.67%,,5.56%,,2.54%,,0.00%
27-Jan-21,1.10%,,4.01%,,0.46%,,1.00%,,0.67%,,5.56%,,2.54%,,0.00%
28-Jan-21,1.10%,,4.01%,,0.46%,,1.00%,,0.67%,,5.56%,,2.54%,,0.00%
29-Jan-21,1.10%,,4.01%,,0.46%,,1.00%,,0.67%,,5.56%,,2.54%,,0.00%
30-Jan-21,1.10%,,4.01%,,0.46%,,1.00%,,0.67%,,5.56%,,2.54%,,0.00%
31-Jan-21,1.10%,,4.01%,,0.46%,,1.00%,,0.67%,,5.56%,,2.54%,,0.00%
1-Feb-21,1.10%,,4.01%,,0.46%,,1.00%,,0.67%,,5.56%,,2.54%,,0.00%
2-Feb-21,1.10%,,4.01%,,0.46%,,1.00%,,0.67%,,5.56%,,2.54%,,0.00%
3-Feb-21,1.10%,,4.01%,,0.46%,,1.00%,,0.67%,,5.56%,,2.54%,,0.00%
4-Feb-21,1.10%,,4.01%,,0.46%,,0.99%,,0.67%,,5.56%,,2.54%,,0.00%
5-Feb-21,1.10%,,4.01%,,0.46%,,0.99%,,0.66%,,5.56%,,2.54%,,0.00%
6-Feb-21,1.10%,,4.01%,,0.46%,,0.99%,,0.66%,,5.56%,,2.54%,,0.00%
7-Feb-21,1.10%,,4.01%,,0.46%,,0.99%,,0.66%,,5.56%,,2.54%,,0.00%
8-Feb-21,1.10%,,4.01%,,0.46%,,0.99%,,0.66%,,5.56%,,2.54%,,0.00%
9-Feb-21,1.09%,,4.01%,,0.46%,,0.99%,,0.66%,,5.56%,,2.54%,,0.00%
10-Feb-21,1.09%,,4.01%,,0.46%,,0.99%,,0.66%,,5.56%,,2.54%,,0.00%
11-Feb-21,1.09%,,4.01%,,0.46%,,0.99%,,0.66%,,5.56%,,2.54%,,0.00%
12-Feb-21,1.09%,,4.01%,,0.46%,,0.99%,,0.66%,,5.56%,,2.54%,,0.00%
13-Feb-21,1.09%,,4.01%,,0.46%,,0.99%,,0.66%,,5.56%,,2.54%,,0.00%
14-Feb-21,1.09%,,4.01%,,0.46%,,0.99%,,0.66%,,5.56%,,2.54%,,0.00%
15-Feb-21,1.09%,,4.01%,,0.46%,,0.99%,,0.66%,,5.56%,,2.54%,,0.00%
16-Feb-21,1.09%,,4.01%,,0.46%,,0.99%,,0.66%,,5.56%,,2.54%,,0.00%
17-Feb-21,1.09%,,4.01%,,0.46%,,0.99%,,0.66%,,5.56%,,2.54%,,0.00%
18-Feb-21,1.09%,,4.01%,,0.46%,,0.99%,,0.66%,,5.56%,,2.54%,,0.00%
19-Feb-21,1.09%,,4.00%,,0.45%,,0.99%,,0.66%,,5.56%,,2.54%,,0.00%
20-Feb-21,1.09%,,4.00%,,0.45%,,0.99%,,0.66%,,5.56%,,2.54%,,0.00%
21-Feb-21,1.09%,,4.00%,,0.45%,,0.99%,,0.66%,,5.56%,,2.54%,,0.00%
22-Feb-21,1.09%,,4.00%,,0.45%,,0.99%,,0.66%,,5.56%,,2.54%,,0.00%
23-Feb-21,1.09%,,4.00%,,0.45%,,0.99%,,0.65%,,5.56%,,2.54%,,0.00%
24-Feb-21,1.09%,,4.00%,,0.45%,,0.99%,,0.65%,,5.56%,,2.54%,,0.00%
25-Feb-21,1.09%,,4.00%,,0.45%,,0.99%,,0.65%,,5.56%,,2.54%,,0.00%
26-Feb-21,1.09%,,4.00%,,0.45%,,0.99%,,0.65%,,5.56%,,2.54%,,0.00%
27-Feb-21,1.08%,,4.00%,,0.45%,,0.99%,,0.65%,,5.56%,,2.54%,,0.00%
28-Feb-21,1.08%,,4.00%,,0.45%,,0.99%,,0.65%,,5.56%,,2.54%,,0.00%
1-Mar-21,1.08%,,4.00%,,0.45%,,0.99%,,0.65%,,5.56%,,2.54%,,0.00%
2-Mar-21,1.08%,,4.00%,,0.45%,,0.99%,,0.65%,,5.56%,,2.54%,,0.00%
3-Mar-21,1.08%,,4.00%,,0.45%,,0.99%,,0.65%,,5.56%,,2.54%,,0.00%
4-Mar-21,1.08%,,4.00%,,0.45%,,0.99%,,0.65%,,5.56%,,2.50%,,0.00%
5-Mar-21,1.08%,,4.00%,,0.45%,,0.99%,,0.65%,,5.56%,,2.50%,,0.00%
6-Mar-21,1.08%,,4.00%,,0.45%,,0.98%,,0.65%,,5.56%,,2.50%,,0.00%
7-Mar-21,1.08%,,4.00%,,0.44%,,0.98%,,0.65%,,5.56%,,2.50%,,0.00%
8-Mar-21,1.08%,,4.00%,,0.44%,,0.98%,,0.65%,,5.56%,,2.46%,,0.00%
9-Mar-21,1.08%,,4.00%,,0.44%,,0.98%,,0.65%,,5.56%,,2.46%,,0.00%
10-Mar-21,1.07%,,4.00%,,0.44%,,0.98%,,0.64%,,5.56%,,2.46%,,0.00%
11-Mar-21,1.07%,,4.00%,,0.44%,,0.98%,,0.64%,,5.56%,,2.44%,,0.00%
12-Mar-21,1.07%,,4.00%,,0.44%,,0.98%,,0.64%,,5.56%,,2.44%,,0.00%
13-Mar-21,1.07%,,4.00%,,0.44%,,0.98%,,0.63%,,5.56%,,2.44%,,0.00%
14-Mar-21,1.07%,,4.00%,,0.44%,,0.97%,,0.63%,,5.56%,,2.44%,,0.00%
15-Mar-21,1.07%,,4.00%,,0.43%,,0.97%,,0.63%,,5.56%,,2.44%,,0.00%
16-Mar-21,1.07%,,4.00%,,0.43%,,0.97%,,0.63%,,5.56%,,2.44%,,0.00%
17-Mar-21,1.07%,,4.00%,,0.43%,,0.97%,,0.63%,,5.56%,,2.44%,,0.00%
18-Mar-21,1.07%,,4.00%,,0.43%,,0.97%,,0.63%,,5.56%,,2.44%,,0.00%
19-Mar-21,1.07%,,4.00%,,0.43%,,0.97%,,0.62%,,5.56%,,2.44%,,0.00%
20-Mar-21,1.07%,,4.00%,,0.42%,,0.97%,,0.62%,,5.56%,,2.44%,,0.00%
21-Mar-21,1.07%,,4.00%,,0.42%,,0.97%,,0.62%,,5.56%,,2.44%,,0.00%
22-Mar-21,1.06%,,4.00%,,0.42%,,0.97%,,0.62%,,5.56%,,2.44%,,0.00%
23-Mar-21,1.06%,,4.00%,,0.42%,,0.97%,,0.62%,,5.56%,,2.44%,,0.00%
24-Mar-21,1.06%,,4.00%,,0.42%,,0.97%,,0.62%,,5.56%,,2.44%,,0.00%
25-Mar-21,1.06%,,4.00%,,0.42%,,0.96%,,0.62%,,5.56%,,2.44%,,0.00%
26-Mar-21,1.06%,,4.00%,,0.42%,,0.96%,,0.62%,,5.56%,,2.44%,,0.00%
27-Mar-21,1.06%,,4.00%,,0.42%,,0.96%,,0.62%,,5.56%,,2.44%,,0.00%
28-Mar-21,1.06%,,4.00%,,0.42%,,0.96%,,0.62%,,5.56%,,2.44%,,0.00%
29-Mar-21,1.06%,,4.00%,,0.41%,,0.96%,,0.61%,,5.56%,,2.44%,,0.00%
30-Mar-21,1.06%,,4.00%,,0.41%,,0.96%,,0.61%,,5.56%,,2.44%,,0.00%
31-Mar-21,1.06%,,4.00%,,0.41%,,0.96%,,0.61%,,5.56%,,2.44%,,0.00%
1-Apr-21,1.06%,,4.00%,,0.41%,,0.95%,,0.61%,,5.56%,,2.44%,,0.00%
2-Apr-21,1.06%,,4.00%,,0.40%,,0.95%,,0.61%,,5.56%,,2.44%,,0.00%
3-Apr-21,1.06%,,4.00%,,0.40%,,0.95%,,0.61%,,5.56%,,2.44%,,0.00%
4-Apr-21,1.06%,,4.00%,,0.40%,,0.95%,,0.61%,,5.56%,,2.44%,,0.00%
5-Apr-21,1.06%,,4.00%,,0.40%,,0.95%,,0.61%,,5.56%,,2.44%,,0.00%
6-Apr-21,1.05%,,4.00%,,0.40%,,0.95%,,0.61%,,5.56%,,2.44%,,0.00%
7-Apr-21,1.05%,,4.00%,,0.40%,,0.95%,,0.60%,,5.56%,,2.44%,,0.00%
8-Apr-21,1.05%,,4.00%,,0.40%,,0.95%,,0.60%,,5.56%,,2.44%,,0.00%
9-Apr-21,1.05%,,4.00%,,0.40%,,0.95%,,0.60%,,5.56%,,2.44%,,0.00%
10-Apr-21,1.05%,,4.00%,,0.40%,,0.95%,,0.60%,,5.56%,,2.44%,,0.00%
11-Apr-21,1.05%,,4.00%,,0.40%,,0.94%,,0.60%,,5.56%,,2.44%,,0.00%
12-Apr-21,1.05%,,4.00%,,0.40%,,0.94%,,0.60%,,5.56%,,2.44%,,0.00%
13-Apr-21,1.05%,,4.00%,,0.47%,,0.94%,,0.59%,,5.56%,,2.44%,,0.00%
14-Apr-21,1.05%,,4.00%,,0.46%,,0.93%,,0.59%,,5.56%,,2.44%,,0.00%
15-Apr-21,1.05%,,4.00%,,0.46%,,0.93%,,0.59%,,5.56%,,2.44%,,0.00%
16-Apr-21,1.04%,,4.00%,,0.46%,,0.93%,,0.59%,,5.56%,,2.44%,,0.00%
17-Apr-21,1.04%,,4.00%,,0.46%,,0.93%,,0.59%,,5.56%,,2.44%,,0.00%
18-Apr-21,1.04%,,4.00%,,0.46%,,0.93%,,0.59%,,5.56%,,2.44%,,0.00%
19-Apr-21,1.04%,,4.00%,,0.46%,,0.92%,,0.58%,,5.56%,,2.44%,,0.00%
20-Apr-21,1.04%,,4.00%,,0.46%,,0.92%,,0.58%,,5.56%,,2.44%,,0.00%
21-Apr-21,1.04%,,4.00%,,0.46%,,0.92%,,0.58%,,5.56%,,2.44%,,0.00%
22-Apr-21,1.04%,,4.00%,,0.46%,,0.92%,,0.57%,,5.56%,,2.44%,,0.00%
23-Apr-21,1.03%,,4.00%,,0.46%,,0.92%,,0.57%,,5.56%,,2.44%,,0.00%
24-Apr-21,1.03%,,4.00%,,0.46%,,0.92%,,0.57%,,5.56%,,2.44%,,0.00%
25-Apr-21,1.03%,,4.00%,,0.46%,,0.91%,,0.57%,,5.56%,,2.44%,,0.00%
26-Apr-21,1.03%,,4.00%,,0.46%,,0.91%,,0.56%,,5.56%,,2.44%,,0.00%
27-Apr-21,1.03%,,4.00%,,0.45%,,0.91%,,0.56%,,5.56%,,2.44%,,0.00%
28-Apr-21,1.03%,,4.00%,,0.45%,,0.91%,,0.56%,,5.56%,,2.44%,,0.00%
29-Apr-21,1.02%,,4.00%,,0.45%,,0.90%,,0.55%,,5.56%,,2.42%,,0.00%
30-Apr-21,1.02%,,4.00%,,0.45%,,0.90%,,0.55%,,5.56%,,2.42%,,0.00%
1-May-21,1.02%,,4.00%,,0.45%,,0.90%,,0.55%,,5.56%,,2.42%,,0.00%
2-May-21,1.02%,,4.00%,,0.45%,,0.90%,,0.55%,,5.56%,,2.42%,,0.00%
3-May-21,1.02%,,4.00%,,0.45%,,0.89%,,0.55%,,5.56%,,2.42%,,0.00%
4-May-21,1.02%,,4.00%,,0.45%,,0.89%,,0.55%,,5.56%,,2.42%,,0.00%
5-May-21,1.02%,,4.00%,,0.45%,,0.89%,,0.55%,,5.56%,,2.42%,,0.00%
6-May-21,1.02%,,4.00%,,0.45%,,0.89%,,0.54%,,5.56%,,2.42%,,0.00%
7-May-21,1.01%,,4.00%,,0.45%,,0.89%,,0.54%,,5.56%,,2.42%,,0.00%
8-May-21,1.01%,,4.00%,,0.44%,,0.89%,,0.54%,,5.56%,,2.42%,,0.00%
9-May-21,1.01%,,3.99%,,0.44%,,0.89%,,0.54%,,5.56%,,2.42%,,0.00%
10-May-21,1.01%,,3.99%,,0.44%,,0.89%,,0.54%,,5.56%,,2.42%,,0.00%
11-May-21,1.01%,,3.99%,,0.44%,,0.89%,,0.54%,,5.56%,,2.42%,,0.00%
12-May-21,1.01%,,3.99%,,0.44%,,0.89%,,0.54%,,5.56%,,2.42%,,0.00%
13-May-21,1.01%,,3.99%,,0.44%,,0.89%,,0.54%,,5.56%,,2.42%,,0.00%
14-May-21,1.01%,,3.99%,,0.44%,,0.89%,,0.54%,,5.56%,,2.42%,,0.00%
15-May-21,1.01%,,3.99%,,0.44%,,0.89%,,0.54%,,5.56%,,2.42%,,0.00%
16-May-21,1.01%,,3.99%,,0.44%,,0.89%,,0.54%,,5.56%,,2.42%,,0.00%
17-May-21,1.01%,,3.99%,,0.44%,,0.89%,,0.54%,,5.56%,,2.42%,,0.00%
18-May-21,1.01%,,3.99%,,0.44%,,0.89%,,0.54%,,5.56%,,2.42%,,0.00%
19-May-21,1.01%,,3.99%,,0.44%,,0.89%,,0.54%,,5.56%,,2.42%,,0.00%
20-May-21,1.01%,,3.99%,,0.44%,,0.89%,,0.54%,,5.56%,,2.42%,,0.00%
21-May-21,1.01%,,3.99%,,0.44%,,0.89%,,0.54%,,5.56%,,2.42%,,0.00%
22-May-21,1.01%,,3.99%,,0.44%,,0.89%,,0.54%,,5.56%,,2.42%,,0.00%
23-May-21,1.01%,,3.99%,,0.44%,,0.89%,,0.54%,,5.56%,,2.42%,,0.00%
24-May-21,1.01%,,3.99%,,0.44%,,0.89%,,0.53%,,5.56%,,2.42%,,0.00%
25-May-21,1.00%,,3.99%,,0.44%,,0.89%,,0.53%,,5.56%,,2.42%,,0.00%
26-May-21,1.00%,,3.99%,,0.44%,,0.89%,,0.53%,,5.56%,,2.42%,,0.00%
27-May-21,1.00%,,3.99%,,0.43%,,0.89%,,0.53%,,5.56%,,2.42%,,0.00%
28-May-21,1.00%,,3.99%,,0.43%,,0.89%,,0.53%,,5.56%,,2.42%,,0.00%
29-May-21,1.00%,,3.98%,,0.43%,,0.89%,,0.53%,,5.56%,,2.42%,,0.00%
30-May-21,1.00%,,3.98%,,0.43%,,0.89%,,0.53%,,5.56%,,2.42%,,0.00%
31-May-21,1.00%,,3.98%,,0.43%,,0.89%,,0.53%,,5.56%,,2.42%,,0.00%
1-Jun-21,1.00%,,3.98%,,0.43%,,0.88%,,0.53%,,5.56%,,2.42%,,0.00%
2-Jun-21,1.00%,,3.98%,,0.43%,,0.88%,,0.53%,,5.56%,,2.42%,,0.00%
3-Jun-21,1.00%,,3.98%,,0.43%,,0.88%,,0.53%,,5.56%,,2.42%,,0.00%
4-Jun-21,1.00%,,3.98%,,0.43%,,0.88%,,0.53%,,5.56%,,2.42%,,0.00%
5-Jun-21,1.00%,,3.98%,,0.43%,,0.88%,,0.53%,,5.56%,,2.42%,,0.00%
6-Jun-21,1.00%,,3.97%,,0.43%,,0.88%,,0.52%,,5.56%,,2.42%,,0.00%
7-Jun-21,1.00%,,3.97%,,0.43%,,0.88%,,0.52%,,5.56%,,2.42%,,0.00%
8-Jun-21,1.00%,,3.97%,,0.43%,,0.88%,,0.52%,,5.56%,,2.42%,,0.00%
9-Jun-21,1.00%,,3.97%,,0.43%,,0.88%,,0.52%,,5.56%,,2.42%,,0.00%
10-Jun-21,1.00%,,3.97%,,0.43%,,0.88%,,0.52%,,5.56%,,2.42%,,0.00%
11-Jun-21,1.00%,,3.97%,,0.43%,,0.88%,,0.52%,,5.56%,,2.42%,,0.00%
12-Jun-21,1.00%,,3.97%,,0.43%,,0.88%,,0.52%,,5.56%,,2.42%,,0.00%
13-Jun-21,1.00%,,3.97%,,0.42%,,0.88%,,0.52%,,5.56%,,2.42%,,0.00%
14-Jun-21,1.00%,,3.97%,,0.42%,,0.88%,,0.52%,,5.56%,,2.42%,,0.00%
15-Jun-21,0.99%,,3.97%,,0.42%,,0.88%,,0.52%,,5.56%,,2.42%,,0.00%
16-Jun-21,0.99%,,3.97%,,0.42%,,0.88%,,0.51%,,5.56%,,2.42%,,0.00%
17-Jun-21,0.99%,,3.97%,,0.42%,,0.88%,,0.51%,,5.56%,,2.42%,,0.00%
18-Jun-21,0.99%,,3.97%,,0.42%,,0.88%,,0.51%,,5.56%,,2.42%,,0.00%
19-Jun-21,0.99%,,3.97%,,0.42%,,0.88%,,0.51%,,5.56%,,2.42%,,0.00%
20-Jun-21,0.99%,,3.97%,,0.42%,,0.88%,,0.51%,,5.56%,,2.42%,,0.00%
21-Jun-21,0.99%,,3.96%,,0.42%,,0.88%,,0.51%,,5.56%,,2.42%,,0.00%
22-Jun-21,0.99%,,3.96%,,0.42%,,0.88%,,0.51%,,5.56%,,2.42%,,0.00%
23-Jun-21,0.99%,,3.96%,,0.42%,,0.88%,,0.51%,,5.56%,,2.42%,,0.00%
24-Jun-21,0.98%,,3.96%,,0.42%,,0.88%,,0.51%,,5.56%,,2.42%,,0.00%
25-Jun-21,0.98%,,3.96%,,0.42%,,0.88%,,0.51%,,5.56%,,2.42%,,0.00%
26-Jun-21,0.98%,,3.96%,,0.42%,,0.88%,,0.51%,,5.56%,,2.42%,,0.00%
27-Jun-21,0.97%,,3.96%,,0.42%,,0.88%,,0.50%,,5.56%,,2.42%,,0.00%
28-Jun-21,0.97%,,3.96%,,0.42%,,0.88%,,0.50%,,5.56%,,2.42%,,0.00%
29-Jun-21,0.96%,,3.96%,,0.41%,,0.88%,,0.50%,,5.56%,,2.42%,,0.00%
30-Jun-21,0.96%,,3.96%,,0.41%,,0.88%,,0.50%,,5.56%,,2.42%,,0.00%
1-Jul-21,0.95%,,3.96%,,0.41%,,0.88%,,0.50%,,5.56%,,2.42%,,0.00%
2-Jul-21,0.95%,,3.96%,,0.41%,,0.88%,,0.49%,,5.56%,,2.42%,,0.00%
3-Jul-21,0.94%,,3.96%,,0.41%,,0.88%,,0.49%,,5.56%,,2.42%,,0.00%
4-Jul-21,0.94%,,3.96%,,0.41%,,0.87%,,0.49%,,5.56%,,2.42%,,0.00%
5-Jul-21,0.93%,,3.96%,,0.41%,,0.87%,,0.49%,,5.56%,,2.42%,,0.00%
6-Jul-21,0.93%,,3.96%,,0.41%,,0.87%,,0.49%,,5.56%,,2.42%,,0.00%
7-Jul-21,0.92%,,3.96%,,0.41%,,0.87%,,0.49%,,5.56%,,2.42%,,0.00%
8-Jul-21,0.92%,,3.96%,,0.40%,,0.87%,,0.49%,,5.56%,,2.42%,,0.00%
9-Jul-21,0.91%,,3.96%,,0.40%,,0.87%,,0.49%,,5.56%,,2.42%,,0.00%
10-Jul-21,0.90%,,3.96%,,0.40%,,0.87%,,0.49%,,5.56%,,2.42%,,0.00%
11-Jul-21,0.90%,,3.96%,,0.40%,,0.87%,,0.49%,,5.56%,,2.42%,,0.00%
12-Jul-21,0.89%,,3.96%,,0.40%,,0.87%,,0.49%,,5.56%,,2.42%,,0.00%
13-Jul-21,0.89%,,3.96%,,0.40%,,0.87%,,0.49%,,5.56%,,2.42%,,0.00%
14-Jul-21,0.88%,,3.96%,,0.40%,,0.87%,,0.49%,,5.56%,,2.42%,,0.00%
15-Jul-21,0.87%,,3.96%,,0.40%,,0.87%,,0.49%,,5.56%,,2.42%,,0.00%
16-Jul-21,0.86%,,3.95%,,0.40%,,0.87%,,0.48%,,5.56%,,2.42%,,0.00%
17-Jul-21,0.86%,,3.95%,,0.40%,,0.87%,,0.48%,,5.56%,,2.42%,,0.00%
18-Jul-21,0.86%,,3.95%,,0.40%,,0.87%,,0.48%,,5.56%,,2.42%,,0.00%
19-Jul-21,0.84%,,3.94%,,0.40%,,0.87%,,0.48%,,5.56%,,2.42%,,0.00%
20-Jul-21,0.85%,,3.94%,,0.40%,,0.86%,,0.48%,,5.56%,,2.42%,,0.00%
21-Jul-21,0.84%,,3.94%,,0.40%,,0.86%,,0.48%,,5.56%,,2.42%,,0.00%
22-Jul-21,0.82%,,3.93%,,0.40%,,0.86%,,0.47%,,5.56%,,2.42%,,0.00%
23-Jul-21,0.82%,,3.93%,,0.40%,,0.86%,,0.47%,,5.56%,,2.42%,,0.00%
24-Jul-21,0.80%,,3.93%,,0.40%,,0.86%,,0.47%,,5.56%,,2.42%,,0.00%
25-Jul-21,0.81%,,3.92%,,0.40%,,0.86%,,0.47%,,5.56%,,2.42%,,0.00%
26-Jul-21,0.80%,,3.92%,,0.40%,,0.86%,,0.47%,,5.56%,,2.42%,,0.00%
27-Jul-21,0.81%,,3.92%,,0.40%,,0.86%,,0.47%,,5.56%,,2.42%,,0.00%
28-Jul-21,0.80%,,3.92%,,0.39%,,0.86%,,0.47%,,5.56%,,2.42%,,0.00%
29-Jul-21,0.80%,,3.92%,,0.39%,,0.85%,,0.47%,,5.56%,,2.42%,,0.00%
30-Jul-21,0.79%,,3.92%,,0.39%,,0.85%,,0.47%,,5.56%,,2.42%,,0.00%
31-Jul-21,0.77%,,3.92%,,0.39%,,0.85%,,0.47%,,5.56%,,2.42%,,0.00%
1-Aug-21,0.76%,,3.92%,,0.39%,,0.85%,,0.46%,,5.56%,,2.42%,,0.00%
2-Aug-21,0.75%,,3.91%,,0.38%,,0.85%,,0.46%,,5.56%,,2.42%,,0.00%
3-Aug-21,0.74%,,3.91%,,0.38%,,0.85%,,0.46%,,5.56%,,2.42%,,0.00%
4-Aug-21,0.74%,,3.91%,,0.38%,,0.85%,,0.46%,,5.56%,,2.42%,,0.00%
5-Aug-21,0.77%,,3.91%,,0.37%,,0.85%,,0.46%,,5.53%,,2.42%,,0.00%
6-Aug-21,0.76%,,3.91%,,0.37%,,0.85%,,0.46%,,5.53%,,2.42%,,0.00%
7-Aug-21,0.78%,,3.91%,,0.37%,,0.85%,,0.46%,,5.53%,,2.42%,,0.00%
8-Aug-21,0.77%,,3.90%,,0.37%,,0.85%,,0.46%,,5.53%,,2.42%,,0.00%
9-Aug-21,0.76%,,3.90%,,0.36%,,0.85%,,0.46%,,5.53%,,2.42%,,0.00%
10-Aug-21,0.77%,,3.90%,,0.36%,,0.85%,,0.46%,,5.53%,,2.42%,,0.00%
11-Aug-21,0.76%,,3.89%,,0.36%,,0.85%,,0.46%,,5.53%,,2.42%,,0.00%
12-Aug-21,0.75%,,3.89%,,0.36%,,0.85%,,0.46%,,5.53%,,2.42%,,0.00%
13-Aug-21,0.75%,,3.89%,,0.36%,,0.85%,,0.46%,,5.53%,,2.31%,,0.00%
14-Aug-21,0.75%,,3.88%,,0.36%,,0.85%,,0.46%,,5.53%,,2.31%,,0.00%
15-Aug-21,0.77%,,3.88%,,0.36%,,0.85%,,0.46%,,5.53%,,2.26%,,0.00%
16-Aug-21,0.79%,,3.88%,,0.36%,,0.85%,,0.46%,,5.53%,,2.04%,,0.00%
17-Aug-21,0.78%,,3.87%,,0.36%,,0.85%,,0.46%,,5.53%,,1.82%,,0.00%
18-Aug-21,0.77%,,3.87%,,0.36%,,0.85%,,0.46%,,5.53%,,1.61%,,0.00%
19-Aug-21,0.74%,,3.86%,,0.36%,,0.85%,,0.46%,,5.53%,,1.50%,,0.00%
20-Aug-21,0.73%,,3.85%,,0.36%,,0.85%,,0.46%,,5.53%,,1.40%,,0.00%
21-Aug-21,0.72%,,3.83%,,0.36%,,0.85%,,0.46%,,5.53%,,1.32%,,0.00%
22-Aug-21,0.70%,,3.82%,,0.36%,,0.85%,,0.46%,,5.53%,,1.22%,,0.00%
23-Aug-21,0.69%,,3.81%,,0.36%,,0.85%,,0.46%,,5.53%,,1.15%,,0.00%
24-Aug-21,0.66%,,3.80%,,0.36%,,0.85%,,0.46%,,5.53%,,1.03%,,0.00%
25-Aug-21,0.64%,,3.80%,,0.36%,,0.83%,,0.46%,,5.53%,,1.00%,,0.00%
26-Aug-21,0.63%,,3.78%,,0.36%,,0.83%,,0.46%,,5.53%,,0.96%,,0.00%
27-Aug-21,0.61%,,3.77%,,0.36%,,0.83%,,0.46%,,5.53%,,0.87%,,0.00%
28-Aug-21,0.59%,,3.76%,,0.35%,,0.83%,,0.46%,,5.53%,,0.83%,,0.00%
29-Aug-21,0.58%,,3.74%,,0.35%,,0.83%,,0.46%,,5.53%,,0.80%,,0.00%
30-Aug-21,0.57%,,3.73%,,0.35%,,0.83%,,0.46%,,5.53%,,0.78%,,0.00%
31-Aug-21,0.56%,,3.72%,,0.35%,,0.83%,,0.46%,,5.53%,,0.75%,,0.00%
1-Sep-21,0.55%,,3.71%,,0.35%,,0.83%,,0.46%,,5.53%,,0.71%,,0.00%
2-Sep-21,0.55%,,3.68%,,0.35%,,0.83%,,0.46%,,5.53%,,0.69%,,0.00%
3-Sep-21,0.56%,,3.65%,,0.35%,,0.83%,,0.46%,,5.53%,,0.67%,,0.00%
4-Sep-21,0.55%,,3.62%,,0.35%,,0.83%,,0.46%,,5.53%,,0.62%,,0.00%
5-Sep-21,0.54%,,3.59%,,0.35%,,0.83%,,0.45%,,5.53%,,0.60%,,0.00%
6-Sep-21,0.54%,,3.55%,,0.35%,,0.83%,,0.45%,,5.53%,,0.59%,,0.00%
7-Sep-21,0.54%,,3.52%,,0.35%,,0.83%,,0.45%,,5.53%,,0.57%,,0.00%
8-Sep-21,0.54%,,3.48%,,0.35%,,0.83%,,0.45%,,5.53%,,0.54%,,0.00%
9-Sep-21,0.54%,,3.44%,,0.35%,,0.83%,,0.45%,,5.53%,,0.53%,,0.00%
10-Sep-21,0.54%,,3.39%,,0.35%,,0.83%,,0.45%,,5.53%,,0.51%,,0.00%
11-Sep-21,0.54%,,3.33%,,0.35%,,0.83%,,0.45%,,5.53%,,0.50%,,0.00%
12-Sep-21,0.54%,,3.28%,,0.35%,,0.83%,,0.45%,,5.53%,,0.48%,,0.00%
13-Sep-21,0.54%,,3.22%,,0.35%,,0.83%,,0.45%,,5.53%,,0.47%,,0.00%
14-Sep-21,0.53%,,3.18%,,0.35%,,0.83%,,0.45%,,5.53%,,0.46%,,0.00%
15-Sep-21,0.54%,,3.14%,,0.35%,,0.83%,,0.45%,,5.53%,,0.45%,,0.00%
16-Sep-21,0.55%,,3.08%,,0.35%,,0.83%,,0.45%,,5.53%,,0.44%,,0.00%
17-Sep-21,0.56%,,3.03%,,0.35%,,0.83%,,0.45%,,5.53%,,0.42%,,0.00%
18-Sep-21,0.56%,,2.98%,,0.35%,,0.82%,,0.45%,,5.53%,,0.41%,,0.00%
19-Sep-21,0.57%,,2.93%,,0.35%,,0.82%,,0.45%,,5.53%,,0.40%,,0.00%
20-Sep-21,0.57%,,2.87%,,0.35%,,0.82%,,0.45%,,5.53%,,0.40%,,0.00%
21-Sep-21,0.58%,,2.82%,,0.35%,,0.82%,,0.45%,,5.53%,,0.39%,,0.00%
22-Sep-21,0.58%,,2.77%,,0.35%,,0.82%,,0.45%,,5.53%,,0.38%,,0.00%
23-Sep-21,0.58%,,2.72%,,0.35%,,0.82%,,0.44%,,5.53%,,0.38%,,0.00%
24-Sep-21,0.59%,,2.66%,,0.35%,,0.82%,,0.44%,,5.53%,,0.37%,,0.00%
25-Sep-21,0.59%,,2.59%,,0.35%,,0.82%,,0.44%,,5.53%,,0.35%,,0.00%
26-Sep-21,0.60%,,2.54%,,0.35%,,0.82%,,0.44%,,5.53%,,0.34%,,0.00%
27-Sep-21,0.61%,,2.48%,,0.35%,,0.82%,,0.44%,,5.53%,,0.45%,,0.00%
28-Sep-21,0.62%,,2.43%,,0.35%,,0.82%,,0.44%,,5.53%,,0.44%,,0.00%
29-Sep-21,0.63%,,2.39%,,0.35%,,0.82%,,0.44%,,5.53%,,0.43%,,0.00%
30-Sep-21,0.63%,,2.31%,,0.34%,,0.82%,,0.44%,,5.53%,,0.42%,,0.00%
1-Oct-21,0.65%,,2.25%,,0.34%,,0.82%,,0.44%,,5.53%,,0.59%,,0.00%
2-Oct-21,0.65%,,2.17%,,0.34%,,0.82%,,0.44%,,5.53%,,0.57%,,0.00%
3-Oct-21,0.66%,,2.12%,,0.34%,,0.82%,,0.44%,,5.51%,,0.55%,,0.00%
4-Oct-21,0.67%,,2.06%,,0.34%,,0.81%,,0.44%,,5.51%,,0.71%,,0.00%
5-Oct-21,0.67%,,1.98%,,0.34%,,0.81%,,0.44%,,5.51%,,0.69%,,0.00%
6-Oct-21,0.68%,,1.95%,,0.34%,,0.81%,,0.44%,,5.51%,,0.76%,,0.00%
7-Oct-21,0.69%,,1.89%,,0.34%,,0.81%,,0.44%,,5.51%,,0.73%,,0.00%
8-Oct-21,0.69%,,1.83%,,0.34%,,0.81%,,0.44%,,5.51%,,0.71%,,0.00%
9-Oct-21,0.71%,,1.77%,,0.34%,,0.81%,,0.44%,,5.51%,,0.69%,,0.00%
10-Oct-21,0.71%,,1.72%,,0.34%,,0.81%,,0.44%,,5.51%,,0.68%,,0.00%
11-Oct-21,0.72%,,1.68%,,0.34%,,0.81%,,0.44%,,5.51%,,0.66%,,0.00%
12-Oct-21,0.72%,,1.65%,,0.34%,,0.81%,,0.44%,,5.51%,,0.65%,,0.00%
13-Oct-21,0.72%,,1.63%,,0.34%,,0.81%,,0.44%,,5.51%,,0.63%,,0.00%
14-Oct-21,0.73%,,1.59%,,0.34%,,0.81%,,0.44%,,5.49%,,0.67%,,0.00%
15-Oct-21,0.73%,,1.54%,,0.34%,,0.81%,,0.44%,,5.49%,,0.72%,,0.00%
16-Oct-21,0.73%,,1.50%,,0.34%,,0.81%,,0.44%,,5.49%,,0.72%,,0.00%
17-Oct-21,0.74%,,1.47%,,0.34%,,0.81%,,0.44%,,5.49%,,0.70%,,0.00%
18-Oct-21,0.74%,,1.44%,,0.34%,,0.81%,,0.44%,,5.49%,,0.69%,,0.00%
19-Oct-21,0.74%,,1.42%,,0.34%,,0.81%,,0.44%,,5.49%,,0.68%,,0.00%
20-Oct-21,0.75%,,1.40%,,0.34%,,0.81%,,0.44%,,5.49%,,0.67%,,0.00%
21-Oct-21,0.75%,,1.38%,,0.34%,,0.81%,,0.44%,,5.49%,,0.66%,,0.00%
22-Oct-21,0.75%,,1.36%,,0.34%,,0.81%,,0.44%,,5.49%,,0.66%,,0.00%
23-Oct-21,0.75%,,1.34%,,0.34%,,0.81%,,0.44%,,5.49%,,0.65%,,0.00%
24-Oct-21,0.75%,,1.33%,,0.34%,,0.81%,,0.44%,,5.49%,,0.64%,,0.00%
25-Oct-21,0.76%,,1.31%,,0.34%,,0.81%,,0.44%,,5.49%,,0.64%,,0.00%
26-Oct-21,0.75%,,1.29%,,0.34%,,0.81%,,0.44%,,5.49%,,0.64%,,0.00%
27-Oct-21,0.76%,,1.29%,,0.34%,,0.81%,,0.44%,,5.49%,,0.63%,,0.00%
28-Oct-21,0.76%,,1.29%,,0.34%,,0.81%,,0.44%,,5.49%,,0.63%,,0.00%
29-Oct-21,0.76%,,1.28%,,0.34%,,0.81%,,0.44%,,5.49%,,0.62%,,0.00%
30-Oct-21,0.76%,,1.27%,,0.34%,,0.81%,,0.44%,,5.49%,,0.62%,,0.00%
31-Oct-21,0.76%,,1.27%,,0.34%,,0.81%,,0.44%,,5.49%,,0.62%,,0.00%
1-Nov-21,0.76%,,1.25%,,0.34%,,0.81%,,0.44%,,5.49%,,0.73%,,0.00%
2-Nov-21,0.76%,,1.25%,,0.34%,,0.81%,,0.44%,,5.49%,,0.73%,,0.00%
3-Nov-21,0.77%,,1.24%,,0.34%,,0.81%,,0.44%,,5.49%,,0.72%,,0.00%
4-Nov-21,0.77%,,1.24%,,0.34%,,0.81%,,0.44%,,5.49%,,0.72%,,0.00%
5-Nov-21,0.77%,,1.23%,,0.33%,,0.81%,,0.44%,,5.49%,,0.77%,,0.00%
6-Nov-21,0.77%,,1.22%,,0.33%,,0.81%,,0.44%,,5.49%,,0.76%,,0.00%
7-Nov-21,0.77%,,1.22%,,0.33%,,0.81%,,0.44%,,5.49%,,0.76%,,0.00%
8-Nov-21,0.78%,,1.21%,,0.33%,,0.81%,,0.44%,,5.49%,,0.75%,,0.00%
9-Nov-21,0.78%,,1.21%,,0.33%,,0.81%,,0.44%,,5.49%,,0.74%,,0.00%
10-Nov-21,0.78%,,1.21%,,0.33%,,0.81%,,0.44%,,5.49%,,0.74%,,0.00%
11-Nov-21,0.78%,,1.20%,,0.33%,,0.81%,,0.44%,,5.49%,,0.74%,,0.00%
12-Nov-21,0.78%,,1.19%,,0.33%,,0.81%,,0.44%,,5.49%,,0.73%,,0.00%
13-Nov-21,0.78%,,1.18%,,0.33%,,0.81%,,0.44%,,5.49%,,0.73%,,0.00%
14-Nov-21,0.78%,,1.18%,,0.33%,,0.81%,,0.44%,,5.49%,,0.72%,,0.00%
15-Nov-21,0.78%,,1.17%,,0.33%,,0.81%,,0.44%,,5.46%,,0.72%,,0.00%
16-Nov-21,0.78%,,1.17%,,0.33%,,0.81%,,0.43%,,5.46%,,0.71%,,0.00%
17-Nov-21,0.78%,,1.17%,,0.33%,,0.81%,,0.43%,,5.46%,,0.71%,,0.00%
18-Nov-21,0.78%,,1.17%,,0.33%,,0.81%,,0.43%,,5.46%,,0.70%,,0.00%
19-Nov-21,0.78%,,1.16%,,0.33%,,0.81%,,0.43%,,5.46%,,0.70%,,0.00%
20-Nov-21,0.78%,,1.15%,,0.33%,,0.80%,,0.43%,,5.46%,,0.69%,,0.00%
21-Nov-21,0.78%,,1.14%,,0.33%,,0.80%,,0.43%,,5.46%,,0.69%,,0.00%
22-Nov-21,0.78%,,1.14%,,0.33%,,0.80%,,0.43%,,5.44%,,0.68%,,0.00%
23-Nov-21,0.78%,,1.15%,,0.33%,,0.80%,,0.43%,,5.44%,,0.68%,,0.00%
24-Nov-21,0.78%,,1.14%,,0.33%,,0.80%,,0.43%,,5.44%,,0.67%,,0.00%
25-Nov-21,0.78%,,1.13%,,0.33%,,0.80%,,0.43%,,5.44%,,0.67%,,0.00%
26-Nov-21,0.77%,,1.12%,,0.33%,,0.80%,,0.43%,,5.44%,,0.67%,,0.00%
27-Nov-21,0.77%,,1.11%,,0.33%,,0.80%,,0.43%,,5.44%,,0.66%,,0.00%
28-Nov-21,0.77%,,1.11%,,0.33%,,0.80%,,0.43%,,5.44%,,0.66%,,0.00%
29-Nov-21,0.77%,,1.10%,,0.33%,,0.80%,,0.43%,,5.44%,,0.66%,,0.00%
30-Nov-21,0.77%,,1.10%,,0.33%,,0.80%,,0.43%,,5.44%,,0.66%,,0.00%
1-Dec-21,0.77%,,1.09%,,0.33%,,0.80%,,0.43%,,5.42%,,0.66%,,0.00%
2-Dec-21,0.77%,,1.09%,,0.33%,,0.80%,,0.42%,,5.42%,,0.65%,,0.00%
3-Dec-21,0.76%,,1.09%,,0.33%,,0.80%,,0.42%,,5.42%,,0.65%,,0.34%
4-Dec-21,0.76%,,1.08%,,0.33%,,0.80%,,0.42%,,5.42%,,0.65%,,0.34%
5-Dec-21,0.76%,,1.08%,,0.33%,,0.80%,,0.41%,,5.42%,,0.65%,,0.34%
6-Dec-21,0.76%,,1.08%,,0.33%,,0.80%,,0.41%,,5.42%,,0.65%,,0.34%
7-Dec-21,0.76%,,1.07%,,0.33%,,0.80%,,0.41%,,5.42%,,0.65%,,0.34%
8-Dec-21,0.76%,,1.06%,,0.33%,,0.80%,,0.41%,,5.42%,,0.69%,,0.33%
9-Dec-21,0.75%,,1.06%,,0.33%,,0.80%,,0.41%,,5.42%,,0.69%,,0.33%
10-Dec-21,0.75%,,1.05%,,0.32%,,0.80%,,0.40%,,5.42%,,0.69%,,0.33%
11-Dec-21,0.75%,,1.05%,,0.32%,,0.80%,,0.40%,,5.42%,,0.68%,,0.33%
12-Dec-21,0.75%,,1.05%,,0.32%,,0.80%,,0.40%,,5.42%,,0.68%,,0.32%
13-Dec-21,0.74%,,1.04%,,0.32%,,0.80%,,0.39%,,5.42%,,0.68%,,0.32%
14-Dec-21,0.74%,,1.03%,,0.32%,,0.80%,,0.39%,,5.42%,,0.68%,,0.31%
15-Dec-21,0.73%,,1.03%,,0.32%,,0.80%,,0.38%,,5.42%,,0.68%,,0.29%
16-Dec-21,0.71%,,1.02%,,0.32%,,0.80%,,0.37%,,5.39%,,0.68%,,0.29%
17-Dec-21,0.70%,,1.01%,,0.31%,,0.80%,,0.35%,,5.35%,,0.67%,,0.29%
18-Dec-21,0.68%,,1.01%,,0.31%,,0.80%,,0.33%,,5.33%,,0.66%,,0.28%
19-Dec-21,0.66%,,1.00%,,0.31%,,0.80%,,0.31%,,5.26%,,0.66%,,0.28%
20-Dec-21,0.64%,,0.99%,,0.30%,,0.80%,,0.29%,,5.18%,,0.66%,,0.28%
21-Dec-21,0.63%,,0.99%,,0.29%,,0.80%,,0.26%,,5.12%,,0.65%,,0.27%
22-Dec-21,0.61%,,0.98%,,0.27%,,0.80%,,0.23%,,4.75%,,0.63%,,0.26%
23-Dec-21,0.58%,,0.98%,,0.24%,,0.80%,,0.18%,,4.51%,,0.61%,,0.25%
24-Dec-21,0.55%,,0.97%,,0.20%,,0.79%,,0.14%,,4.06%,,0.59%,,0.25%
25-Dec-21,0.52%,,0.96%,,0.16%,,0.79%,,0.11%,,3.68%,,0.56%,,0.24%
26-Dec-21,0.50%,,0.95%,,0.14%,,0.79%,,0.09%,,3.22%,,0.54%,,0.23%
27-Dec-21,0.48%,,0.94%,,0.12%,,0.79%,,0.10%,,2.94%,,0.51%,,0.22%
28-Dec-21,0.46%,,0.93%,,0.10%,,0.78%,,0.08%,,2.67%,,0.47%,,0.22%
29-Dec-21,0.43%,,0.91%,,0.08%,,0.78%,,0.07%,,2.39%,,0.45%,,0.21%
30-Dec-21,0.40%,,0.89%,,0.07%,,0.78%,,0.07%,,2.04%,,0.42%,,0.20%
31-Dec-21,0.35%,,0.87%,,0.05%,,0.78%,,0.07%,,1.66%,,0.37%,,0.18%
1-Jan-22,0.32%,,0.84%,,0.04%,,0.78%,,0.06%,,1.06%,,0.34%,,0.16%
2-Jan-22,0.29%,,0.81%,,0.04%,,0.77%,,0.05%,,0.80%,,0.31%,,0.14%
3-Jan-22,0.27%,,0.77%,,0.03%,,0.77%,,0.04%,,0.62%,,0.28%,,0.12%
4-Jan-22,0.25%,,0.72%,,0.02%,,0.76%,,0.04%,,0.46%,,0.24%,,0.11%
5-Jan-22,0.22%,,0.68%,,0.02%,,0.75%,,0.03%,,0.35%,,0.21%,,0.10%
6-Jan-22,0.20%,,0.62%,,0.02%,,0.74%,,0.03%,,0.29%,,0.19%,,0.08%
7-Jan-22,0.18%,,0.57%,,0.01%,,0.74%,,0.03%,,0.22%,,0.16%,,0.07%
8-Jan-22,0.17%,,0.49%,,0.02%,,0.73%,,0.04%,,0.16%,,0.14%,,0.05%
9-Jan-22,0.16%,,0.43%,,0.01%,,0.73%,,0.04%,,0.14%,,0.12%,,0.05%
10-Jan-22,0.16%,,0.39%,,0.01%,,0.73%,,0.04%,,0.12%,,0.11%,,0.04%
11-Jan-22,0.15%,,0.36%,,0.01%,,0.72%,,0.04%,,0.11%,,0.11%,,0.03%
12-Jan-22,0.15%,,0.34%,,0.01%,,0.71%,,0.05%,,0.10%,,0.10%,,0.03%
13-Jan-22,0.13%,,0.32%,,0.01%,,0.71%,,0.06%,,0.09%,,0.09%,,0.02%
14-Jan-22,0.12%,,0.31%,,0.01%,,0.70%,,0.06%,,0.08%,,0.08%,,0.02%
15-Jan-22,0.12%,,0.30%,,0.01%,,0.70%,,0.06%,,0.08%,,0.08%,,0.03%
16-Jan-22,0.11%,,0.29%,,0.01%,,0.69%,,0.06%,,0.07%,,0.08%,,0.03%
17-Jan-22,0.11%,,0.28%,,0.02%,,0.69%,,0.06%,,0.07%,,0.08%,,0.03%
18-Jan-22,0.11%,,0.27%,,0.02%,,0.68%,,0.06%,,0.06%,,0.08%,,0.03%
19-Jan-22,0.11%,,0.27%,,0.02%,,0.68%,,0.06%,,0.06%,,0.07%,,0.03%
20-Jan-22,0.11%,,0.26%,,0.03%,,0.67%,,0.07%,,0.06%,,0.07%,,0.02%
21-Jan-22,0.11%,,0.26%,,0.03%,,0.67%,,0.08%,,0.06%,,0.07%,,0.02%
22-Jan-22,0.11%,,0.25%,,0.03%,,0.66%,,0.08%,,0.06%,,0.07%,,0.02%
23-Jan-22,0.11%,,0.25%,,0.03%,,0.65%,,0.08%,,0.06%,,0.07%,,0.02%
24-Jan-22,0.11%,,0.25%,,0.04%,,0.64%,,0.08%,,0.06%,,0.08%,,0.02%
25-Jan-22,0.12%,,0.24%,,0.04%,,0.64%,,0.08%,,0.06%,,0.08%,,0.02%
26-Jan-22,0.12%,,0.25%,,0.04%,,0.62%,,0.09%,,0.06%,,0.08%,,0.02%
27-Jan-22,0.12%,,0.25%,,0.04%,,0.62%,,0.10%,,0.06%,,0.07%,,0.02%
28-Jan-22,0.12%,,0.25%,,0.05%,,0.62%,,0.10%,,0.06%,,0.07%,,0.02%
29-Jan-22,0.13%,,0.25%,,0.05%,,0.61%,,0.11%,,0.06%,,0.07%,,0.01%
30-Jan-22,0.13%,,0.25%,,0.05%,,0.60%,,0.11%,,0.06%,,0.07%,,0.01%
31-Jan-22,0.13%,,0.24%,,0.05%,,0.59%,,0.11%,,0.06%,,0.07%,,0.01%
1-Feb-22,0.13%,,0.24%,,0.05%,,0.58%,,0.11%,,0.06%,,0.07%,,0.01%
2-Feb-22,0.13%,,0.24%,,0.05%,,0.57%,,0.11%,,0.06%,,0.07%,,0.02%
3-Feb-22,0.13%,,0.24%,,0.05%,,0.56%,,0.11%,,0.06%,,0.07%,,0.02%
4-Feb-22,0.14%,,0.24%,,0.06%,,0.55%,,0.11%,,0.06%,,0.07%,,0.02%
5-Feb-22,0.14%,,0.25%,,0.06%,,0.54%,,0.11%,,0.06%,,0.07%,,0.02%
6-Feb-22,0.14%,,0.25%,,0.06%,,0.53%,,0.11%,,0.06%,,0.07%,,0.02%
7-Feb-22,0.14%,,0.24%,,0.07%,,0.52%,,0.12%,,0.06%,,0.08%,,0.02%
8-Feb-22,0.14%,,0.24%,,0.07%,,0.50%,,0.12%,,0.06%,,0.08%,,0.02%
9-Feb-22,0.14%,,0.24%,,0.07%,,0.47%,,0.12%,,0.06%,,0.08%,,0.02%
10-Feb-22,0.14%,,0.24%,,0.07%,,0.44%,,0.12%,,0.06%,,0.08%,,0.03%
11-Feb-22,0.14%,,0.24%,,0.07%,,0.47%,,0.12%,,0.06%,,0.08%,,0.03%
12-Feb-22,0.14%,,0.24%,,0.08%,,0.46%,,0.12%,,0.06%,,0.08%,,0.03%
13-Feb-22,0.14%,,0.24%,,0.08%,,0.44%,,0.12%,,0.06%,,0.08%,,0.03%
14-Feb-22,0.14%,,0.24%,,0.08%,,0.43%,,0.12%,,0.06%,,0.07%,,0.03%
15-Feb-22,0.14%,,0.24%,,0.08%,,0.42%,,0.13%,,0.06%,,0.07%,,0.03%
16-Feb-22,0.15%,,0.24%,,0.08%,,0.40%,,0.13%,,0.06%,,0.07%,,0.04%
17-Feb-22,0.15%,,0.24%,,0.09%,,0.37%,,0.13%,,0.06%,,0.07%,,0.04%
18-Feb-22,0.15%,,0.24%,,0.09%,,0.35%,,0.13%,,0.06%,,0.07%,,0.04%
19-Feb-22,0.15%,,0.24%,,0.09%,,0.32%,,0.13%,,0.06%,,0.07%,,0.04%
20-Feb-22,0.15%,,0.24%,,0.09%,,0.30%,,0.12%,,0.06%,,0.07%,,0.04%
21-Feb-22,0.15%,,0.24%,,0.09%,,0.28%,,0.12%,,0.06%,,0.07%,,0.04%
22-Feb-22,0.15%,,0.24%,,0.09%,,0.26%,,0.12%,,0.06%,,0.07%,,0.04%
23-Feb-22,0.15%,,0.24%,,0.09%,,0.23%,,0.12%,,0.06%,,0.07%,,0.04%
24-Feb-22,0.15%,,0.24%,,0.09%,,0.19%,,0.12%,,0.06%,,0.07%,,0.05%
25-Feb-22,0.15%,,0.24%,,0.09%,,0.16%,,0.12%,,0.06%,,0.07%,,0.05%
26-Feb-22,0.15%,,0.24%,,0.10%,,0.14%,,0.12%,,0.06%,,0.07%,,0.05%
27-Feb-22,0.15%,,0.24%,,0.09%,,0.12%,,0.12%,,0.06%,,0.07%,,0.05%
28-Feb-22,0.15%,,0.24%,,0.09%,,0.11%,,0.12%,,0.06%,,0.07%,,0.05%
1-Mar-22,0.15%,,0.24%,,0.10%,,0.10%,,0.12%,,0.05%,,0.07%,,0.05%
2-Mar-22,0.14%,,0.24%,,0.10%,,0.08%,,0.12%,,0.05%,,0.07%,,0.05%
3-Mar-22,0.14%,,0.24%,,0.10%,,0.08%,,0.12%,,0.05%,,0.07%,,0.06%
4-Mar-22,0.14%,,0.24%,,0.10%,,0.07%,,0.12%,,0.05%,,0.06%,,0.06%
5-Mar-22,0.14%,,0.24%,,0.10%,,0.06%,,0.12%,,0.05%,,0.06%,,0.06%
6-Mar-22,0.14%,,0.24%,,0.10%,,0.05%,,0.12%,,0.05%,,0.06%,,0.06%
7-Mar-22,0.14%,,0.24%,,0.10%,,0.05%,,0.13%,,0.05%,,0.06%,,0.06%
8-Mar-22,0.14%,,0.24%,,0.10%,,0.05%,,0.13%,,0.05%,,0.06%,,0.07%
9-Mar-22,0.14%,,0.24%,,0.10%,,0.04%,,0.13%,,0.05%,,0.06%,,0.07%
10-Mar-22,0.14%,,0.24%,,0.10%,,0.04%,,0.13%,,0.05%,,0.06%,,0.07%
11-Mar-22,0.14%,,0.24%,,0.10%,,0.03%,,0.13%,,0.05%,,0.06%,,0.07%
12-Mar-22,0.14%,,0.24%,,0.10%,,0.03%,,0.13%,,0.05%,,0.06%,,0.07%
13-Mar-22,0.14%,,0.24%,,0.10%,,0.03%,,0.13%,,0.05%,,0.06%,,0.07%
14-Mar-22,0.14%,,0.23%,,0.10%,,0.03%,,0.12%,,0.04%,,0.06%,,0.07%
15-Mar-22,0.14%,,0.23%,,0.10%,,0.02%,,0.12%,,0.04%,,0.06%,,0.07%
16-Mar-22,0.13%,,0.23%,,0.10%,,0.02%,,0.12%,,0.04%,,0.06%,,0.07%
17-Mar-22,0.13%,,0.23%,,0.10%,,0.02%,,0.12%,,0.04%,,0.06%,,0.07%
18-Mar-22,0.13%,,0.23%,,0.10%,,0.02%,,0.12%,,0.04%,,0.06%,,0.07%
19-Mar-22,0.13%,,0.23%,,0.10%,,0.02%,,0.12%,,0.04%,,0.06%,,0.07%
20-Mar-22,0.13%,,0.23%,,0.10%,,0.02%,,0.12%,,0.04%,,0.06%,,0.07%
21-Mar-22,0.13%,,0.23%,,0.10%,,0.02%,,0.11%,,0.04%,,0.06%,,0.07%
22-Mar-22,0.13%,,0.23%,,0.10%,,0.02%,,0.11%,,0.04%,,0.06%,,0.07%
23-Mar-22,0.12%,,0.22%,,0.10%,,0.02%,,0.11%,,0.04%,,0.06%,,0.07%
24-Mar-22,0.12%,,0.22%,,0.10%,,0.02%,,0.11%,,0.04%,,0.05%,,0.07%
25-Mar-22,0.12%,,0.22%,,0.10%,,0.02%,,0.11%,,0.04%,,0.05%,,0.07%
26-Mar-22,0.12%,,0.22%,,0.10%,,0.02%,,0.11%,,0.04%,,0.05%,,0.07%
27-Mar-22,0.12%,,0.22%,,0.10%,,0.02%,,0.11%,,0.04%,,0.05%,,0.07%
28-Mar-22,0.12%,,0.22%,,0.10%,,0.02%,,0.11%,,0.04%,,0.05%,,0.07%
29-Mar-22,0.12%,,0.22%,,0.10%,,0.02%,,0.11%,,0.04%,,0.05%,,0.07%
30-Mar-22,0.12%,,0.22%,,0.10%,,0.02%,,0.10%,,0.04%,,0.05%,,0.07%
31-Mar-22,0.12%,,0.21%,,0.10%,,0.02%,,0.10%,,0.04%,,0.05%,,0.07%
1-Apr-22,0.13%,,0.21%,,0.10%,,0.02%,,0.10%,,0.03%,,0.05%,,0.07%
2-Apr-22,0.13%,,0.21%,,0.10%,,0.02%,,0.10%,,0.03%,,0.05%,,0.07%
3-Apr-22,0.13%,,0.21%,,0.10%,,0.02%,,0.10%,,0.03%,,0.05%,,0.07%
4-Apr-22,0.13%,,0.21%,,0.09%,,0.03%,,0.10%,,0.03%,,0.05%,,0.07%
5-Apr-22,0.13%,,0.21%,,0.10%,,0.03%,,0.09%,,0.03%,,0.05%,,0.07%
6-Apr-22,0.13%,,0.21%,,0.09%,,0.03%,,0.09%,,0.03%,,0.05%,,0.07%
7-Apr-22,0.13%,,0.21%,,0.09%,,0.03%,,0.09%,,0.03%,,0.05%,,0.07%
8-Apr-22,0.13%,,0.20%,,0.09%,,0.03%,,0.09%,,0.03%,,0.05%,,0.07%
9-Apr-22,0.13%,,0.20%,,0.09%,,0.03%,,0.09%,,0.03%,,0.05%,,0.07%
10-Apr-22,0.13%,,0.20%,,0.09%,,0.03%,,0.09%,,0.03%,,0.05%,,0.07%
11-Apr-22,0.13%,,0.20%,,0.09%,,0.03%,,0.09%,,0.03%,,0.05%,,0.07%
12-Apr-22,0.12%,,0.20%,,0.09%,,0.03%,,0.09%,,0.03%,,0.05%,,0.07%
13-Apr-22,0.12%,,0.20%,,0.09%,,0.03%,,0.09%,,0.03%,,0.05%,,0.07%
14-Apr-22,0.12%,,0.20%,,0.09%,,0.03%,,0.09%,,0.04%,,0.05%,,0.06%
15-Apr-22,0.12%,,0.20%,,0.09%,,0.03%,,0.09%,,0.04%,,0.05%,,0.06%
16-Apr-22,0.12%,,0.20%,,0.09%,,0.03%,,0.09%,,0.04%,,0.05%,,0.06%
17-Apr-22,0.12%,,0.20%,,0.09%,,0.03%,,0.09%,,0.04%,,0.05%,,0.06%
18-Apr-22,0.12%,,0.20%,,0.09%,,0.03%,,0.08%,,0.04%,,0.05%,,0.06%
19-Apr-22,0.12%,,0.20%,,0.09%,,0.03%,,0.08%,,0.04%,,0.05%,,0.06%
20-Apr-22,0.12%,,0.19%,,0.09%,,0.03%,,0.08%,,0.03%,,0.05%,,0.06%
21-Apr-22,0.12%,,0.19%,,0.09%,,0.03%,,0.08%,,0.04%,,0.05%,,0.07%
22-Apr-22,0.12%,,0.19%,,0.09%,,0.03%,,0.08%,,0.04%,,0.05%,,0.07%
23-Apr-22,0.12%,,0.19%,,0.09%,,0.03%,,0.08%,,0.04%,,0.05%,,0.07%
24-Apr-22,0.12%,,0.19%,,0.09%,,0.03%,,0.08%,,0.04%,,0.05%,,0.07%
25-Apr-22,0.12%,,0.19%,,0.09%,,0.03%,,0.08%,,0.04%,,0.05%,,0.07%
26-Apr-22,0.12%,,0.19%,,0.09%,,0.03%,,0.09%,,0.04%,,0.05%,,0.07%
27-Apr-22,0.12%,,0.19%,,0.09%,,0.03%,,0.09%,,0.04%,,0.05%,,0.07%
28-Apr-22,0.12%,,0.19%,,0.09%,,0.04%,,0.09%,,0.04%,,0.05%,,0.07%
29-Apr-22,0.12%,,0.19%,,0.09%,,0.04%,,0.09%,,0.04%,,0.05%,,0.07%
30-Apr-22,0.12%,,0.19%,,0.09%,,0.04%,,0.09%,,0.04%,,0.05%,,0.07%
1-May-22,0.12%,,0.19%,,0.09%,,0.04%,,0.09%,,0.04%,,0.05%,,0.07%
2-May-22,0.12%,,0.19%,,0.09%,,0.04%,,0.09%,,0.04%,,0.05%,,0.07%
3-May-22,0.12%,,0.19%,,0.09%,,0.03%,,0.09%,,0.04%,,0.05%,,0.07%
4-May-22,0.12%,,0.19%,,0.09%,,0.03%,,0.09%,,0.04%,,0.05%,,0.07%
5-May-22,0.12%,,0.19%,,0.09%,,0.04%,,0.09%,,0.04%,,0.05%,,0.07%
6-May-22,0.12%,,0.19%,,0.09%,,0.03%,,0.09%,,0.04%,,0.05%,,0.07%
7-May-22,0.12%,,0.19%,,0.09%,,0.04%,,0.09%,,0.04%,,0.05%,,0.07%
8-May-22,0.12%,,0.19%,,0.09%,,0.03%,,0.09%,,0.04%,,0.05%,,0.07%
9-May-22,0.12%,,0.18%,,0.09%,,0.03%,,0.09%,,0.04%,,0.05%,,0.07%
10-May-22,0.12%,,0.18%,,0.09%,,0.03%,,0.09%,,0.04%,,0.05%,,0.07%
11-May-22,0.12%,,0.18%,,0.09%,,0.03%,,0.09%,,0.04%,,0.05%,,0.07%
12-May-22,0.12%,,0.18%,,0.09%,,0.03%,,0.09%,,0.04%,,0.05%,,0.07%
13-May-22,0.12%,,0.18%,,0.09%,,0.03%,,0.09%,,0.04%,,0.05%,,0.07%
14-May-22,0.12%,,0.18%,,0.09%,,0.03%,,0.09%,,0.04%,,0.05%,,0.07%
15-May-22,0.12%,,0.18%,,0.09%,,0.03%,,0.09%,,0.04%,,0.05%,,0.07%
16-May-22,0.12%,,0.18%,,0.09%,,0.03%,,0.09%,,0.04%,,0.05%,,0.07%
17-May-22,0.12%,,0.18%,,0.09%,,0.03%,,0.09%,,0.04%,,0.05%,,0.07%
18-May-22,0.12%,,0.18%,,0.09%,,0.03%,,0.09%,,0.04%,,0.05%,,0.07%
19-May-22,0.12%,,0.18%,,0.09%,,0.03%,,0.09%,,0.05%,,0.05%,,0.07%
20-May-22,0.12%,,0.18%,,0.09%,,0.03%,,0.09%,,0.04%,,0.05%,,0.07%
21-May-22,0.12%,,0.18%,,0.09%,,0.03%,,0.09%,,0.04%,,0.05%,,0.07%
22-May-22,0.12%,,0.18%,,0.09%,,0.03%,,0.09%,,0.04%,,0.05%,,0.07%
23-May-22,0.12%,,0.18%,,0.09%,,0.03%,,0.09%,,0.05%,,0.05%,,0.07%
24-May-22,0.12%,,0.18%,,0.09%,,0.03%,,0.09%,,0.05%,,0.05%,,0.07%
25-May-22,0.12%,,0.18%,,0.09%,,0.03%,,0.09%,,0.04%,,0.05%,,0.07%
26-May-22,0.12%,,0.18%,,0.09%,,0.03%,,0.09%,,0.04%,,0.05%,,0.07%
27-May-22,0.12%,,0.18%,,0.09%,,0.03%,,0.09%,,0.04%,,0.05%,,0.07%
28-May-22,0.12%,,0.18%,,0.09%,,0.03%,,0.09%,,0.04%,,0.05%,,0.07%
29-May-22,0.12%,,0.18%,,0.09%,,0.03%,,0.09%,,0.04%,,0.05%,,0.07%
30-May-22,0.12%,,0.18%,,0.09%,,0.03%,,0.09%,,0.05%,,0.05%,,0.07%
31-May-22,0.12%,,0.18%,,0.09%,,0.03%,,0.09%,,0.05%,,0.05%,,0.07%
1-Jun-22,0.12%,,0.18%,,0.09%,,0.03%,,0.09%,,0.05%,,0.05%,,0.07%
2-Jun-22,0.12%,,0.18%,,0.09%,,0.04%,,0.09%,,0.05%,,0.05%,,0.07%
3-Jun-22,0.12%,,0.18%,,0.09%,,0.04%,,0.09%,,0.05%,,0.05%,,0.07%
4-Jun-22,0.12%,,0.18%,,0.09%,,0.04%,,0.09%,,0.05%,,0.05%,,0.07%
5-Jun-22,0.12%,,0.18%,,0.09%,,0.04%,,0.09%,,0.05%,,0.05%,,0.07%
6-Jun-22,0.12%,,0.18%,,0.09%,,0.04%,,0.09%,,0.05%,,0.05%,,0.07%
7-Jun-22,0.12%,,0.18%,,0.09%,,0.04%,,0.09%,,0.05%,,0.05%,,0.07%
8-Jun-22,0.12%,,0.18%,,0.09%,,0.04%,,0.09%,,0.05%,,0.05%,,0.07%
9-Jun-22,0.12%,,0.18%,,0.09%,,0.04%,,0.09%,,0.05%,,0.05%,,0.07%
10-Jun-22,0.12%,,0.18%,,0.09%,,0.04%,,0.09%,,0.05%,,0.05%,,0.07%
11-Jun-22,0.13%,,0.18%,,0.09%,,0.04%,,0.09%,,0.05%,,0.05%,,0.07%
12-Jun-22,0.13%,,0.18%,,0.09%,,0.04%,,0.09%,,0.05%,,0.05%,,0.07%
13-Jun-22,0.12%,,0.18%,,0.09%,,0.04%,,0.09%,,0.05%,,0.05%,,0.07%
14-Jun-22,0.12%,,0.18%,,0.09%,,0.04%,,0.09%,,0.05%,,0.05%,,0.07%
15-Jun-22,0.13%,,0.18%,,0.09%,,0.04%,,0.09%,,0.05%,,0.05%,,0.07%
16-Jun-22,0.13%,,0.18%,,0.09%,,0.04%,,0.09%,,0.05%,,0.05%,,0.07%
17-Jun-22,0.13%,,0.18%,,0.09%,,0.04%,,0.09%,,0.05%,,0.05%,,0.07%
18-Jun-22,0.13%,,0.18%,,0.09%,,0.04%,,0.09%,,0.05%,,0.05%,,0.07%
19-Jun-22,0.13%,,0.19%,,0.09%,,0.04%,,0.09%,,0.05%,,0.05%,,0.07%
20-Jun-22,0.13%,,0.18%,,0.09%,,0.04%,,0.09%,,0.05%,,0.05%,,0.07%
21-Jun-22,0.13%,,0.19%,,0.09%,,0.04%,,0.09%,,0.05%,,0.05%,,0.07%
22-Jun-22,0.13%,,0.19%,,0.09%,,0.04%,,0.09%,,0.05%,,0.05%,,0.07%
23-Jun-22,0.13%,,0.19%,,0.09%,,0.04%,,0.09%,,0.05%,,0.05%,,0.07%
24-Jun-22,0.13%,,0.19%,,0.09%,,0.04%,,0.09%,,0.05%,,0.05%,,0.07%
25-Jun-22,0.13%,,0.19%,,0.09%,,0.04%,,0.09%,,0.05%,,0.05%,,0.07%
26-Jun-22,0.13%,,0.19%,,0.09%,,0.04%,,0.09%,,0.05%,,0.05%,,0.07%
27-Jun-22,0.13%,,0.19%,,0.09%,,0.04%,,0.09%,,0.05%,,0.05%,,0.07%
28-Jun-22,0.13%,,0.19%,,0.09%,,0.04%,,0.09%,,0.05%,,0.05%,,0.07%
29-Jun-22,0.13%,,0.19%,,0.10%,,0.04%,,0.09%,,0.05%,,0.05%,,0.07%
30-Jun-22,0.13%,,0.19%,,0.10%,,0.04%,,0.09%,,0.05%,,0.05%,,0.07%
1-Jul-22,0.13%,,0.19%,,0.10%,,0.04%,,0.09%,,0.05%,,0.05%,,0.07%
2-Jul-22,0.13%,,0.19%,,0.10%,,0.04%,,0.09%,,0.05%,,0.05%,,0.07%
3-Jul-22,0.13%,,0.19%,,0.10%,,0.04%,,0.09%,,0.05%,,0.05%,,0.07%
4-Jul-22,0.13%,,0.19%,,0.10%,,0.04%,,0.09%,,0.05%,,0.05%,,0.07%
5-Jul-22,0.13%,,0.19%,,0.10%,,0.04%,,0.09%,,0.05%,,0.05%,,0.07%
6-Jul-22,0.13%,,0.19%,,0.10%,,0.04%,,0.09%,,0.05%,,0.05%,,0.07%
7-Jul-22,0.13%,,0.19%,,0.10%,,0.04%,,0.09%,,0.05%,,0.05%,,0.07%
8-Jul-22,0.13%,,0.19%,,0.10%,,0.04%,,0.09%,,0.05%,,0.05%,,0.07%
9-Jul-22,0.13%,,0.19%,,0.10%,,0.04%,,0.09%,,0.05%,,0.05%,,0.07%
10-Jul-22,0.13%,,0.19%,,0.10%,,0.04%,,0.09%,,0.05%,,0.05%,,0.07%
11-Jul-22,0.13%,,0.19%,,0.10%,,0.04%,,0.09%,,0.05%,,0.05%,,0.07%
12-Jul-22,0.13%,,0.19%,,0.10%,,0.04%,,0.09%,,0.05%,,0.05%,,0.06%
13-Jul-22,0.13%,,0.19%,,0.10%,,0.04%,,0.09%,,0.05%,,0.05%,,0.06%
14-Jul-22,0.13%,,0.19%,,0.10%,,0.04%,,0.09%,,0.05%,,0.05%,,0.06%
15-Jul-22,0.13%,,0.19%,,0.10%,,0.05%,,0.09%,,0.05%,,0.05%,,0.06%
16-Jul-22,0.13%,,0.18%,,0.10%,,0.05%,,0.09%,,0.05%,,0.05%,,0.06%
17-Jul-22,0.13%,,0.18%,,0.10%,,0.04%,,0.09%,,0.05%,,0.05%,,0.06%
18-Jul-22,0.13%,,0.18%,,0.10%,,0.04%,,0.09%,,0.05%,,0.05%,,0.06%
19-Jul-22,0.13%,,0.18%,,0.10%,,0.04%,,0.09%,,0.05%,,0.05%,,0.06%
20-Jul-22,0.13%,,0.18%,,0.10%,,0.04%,,0.09%,,0.05%,,0.05%,,0.06%
21-Jul-22,0.13%,,0.19%,,0.10%,,0.04%,,0.09%,,0.05%,,0.05%,,0.06%
22-Jul-22,0.13%,,0.19%,,0.10%,,0.04%,,0.09%,,0.06%,,0.05%,,0.06%
23-Jul-22,0.13%,,0.19%,,0.10%,,0.04%,,0.09%,,0.06%,,0.05%,,0.06%
24-Jul-22,0.13%,,0.19%,,0.10%,,0.05%,,0.09%,,0.06%,,0.05%,,0.06%
25-Jul-22,0.13%,,0.19%,,0.10%,,0.05%,,0.09%,,0.06%,,0.05%,,0.06%
26-Jul-22,0.13%,,0.19%,,0.10%,,0.05%,,0.09%,,0.06%,,0.05%,,0.06%
27-Jul-22,0.13%,,0.19%,,0.10%,,0.05%,,0.09%,,0.06%,,0.05%,,0.06%
28-Jul-22,0.13%,,0.19%,,0.10%,,0.05%,,0.09%,,0.06%,,0.05%,,0.06%
29-Jul-22,0.13%,,0.19%,,0.10%,,0.05%,,0.09%,,0.06%,,0.05%,,0.06%
30-Jul-22,0.13%,,0.19%,,0.10%,,0.05%,,0.09%,,0.06%,,0.05%,,0.06%
31-Jul-22,0.13%,,0.19%,,0.10%,,0.05%,,0.10%,,0.06%,,0.05%,,0.06%
1-Aug-22,0.13%,,0.19%,,0.10%,,0.05%,,0.10%,,0.06%,,0.05%,,0.06%
2-Aug-22,0.13%,,0.19%,,0.10%,,0.05%,,0.10%,,0.06%,,0.05%,,0.06%
3-Aug-22,0.13%,,0.19%,,0.10%,,0.05%,,0.10%,,0.06%,,0.05%,,0.06%
4-Aug-22,0.13%,,0.19%,,0.11%,,0.05%,,0.10%,,0.06%,,0.05%,,0.06%
5-Aug-22,0.13%,,0.19%,,0.11%,,0.05%,,0.10%,,0.06%,,0.05%,,0.06%
6-Aug-22,0.13%,,0.19%,,0.11%,,0.05%,,0.10%,,0.06%,,0.05%,,0.06%
7-Aug-22,0.13%,,0.19%,,0.11%,,0.05%,,0.10%,,0.07%,,0.05%,,0.06%
8-Aug-22,0.13%,,0.19%,,0.11%,,0.05%,,0.10%,,0.07%,,0.05%,,0.06%
9-Aug-22,0.13%,,0.19%,,0.11%,,0.05%,,0.10%,,0.07%,,0.05%,,0.06%
10-Aug-22,0.13%,,0.19%,,0.11%,,0.05%,,0.10%,,0.07%,,0.05%,,0.06%
11-Aug-22,0.13%,,0.20%,,0.11%,,0.05%,,0.10%,,0.07%,,0.06%,,0.06%
12-Aug-22,0.14%,,0.20%,,0.11%,,0.05%,,0.10%,,0.07%,,0.06%,,0.06%
13-Aug-22,0.14%,,0.20%,,0.11%,,0.05%,,0.10%,,0.07%,,0.06%,,0.06%
14-Aug-22,0.14%,,0.20%,,0.11%,,0.05%,,0.10%,,0.07%,,0.06%,,0.06%
15-Aug-22,0.14%,,0.20%,,0.11%,,0.05%,,0.10%,,0.07%,,0.06%,,0.06%
16-Aug-22,0.14%,,0.20%,,0.11%,,0.05%,,0.10%,,0.07%,,0.06%,,0.06%
17-Aug-22,0.14%,,0.20%,,0.11%,,0.05%,,0.10%,,0.07%,,0.06%,,0.06%
18-Aug-22,0.14%,,0.20%,,0.11%,,0.05%,,0.10%,,0.07%,,0.06%,,0.07%
19-Aug-22,0.14%,,0.20%,,0.12%,,0.05%,,0.10%,,0.07%,,0.06%,,0.07%
20-Aug-22,0.14%,,0.20%,,0.12%,,0.05%,,0.10%,,0.07%,,0.06%,,0.07%
21-Aug-22,0.14%,,0.20%,,0.12%,,0.05%,,0.10%,,0.07%,,0.06%,,0.07%
22-Aug-22,0.14%,,0.20%,,0.12%,,0.05%,,0.10%,,0.07%,,0.06%,,0.07%
23-Aug-22,0.14%,,0.20%,,0.12%,,0.05%,,0.11%,,0.07%,,0.06%,,0.07%
24-Aug-22,0.14%,,0.20%,,0.12%,,0.05%,,0.10%,,0.07%,,0.06%,,0.07%
25-Aug-22,0.14%,,0.20%,,0.12%,,0.05%,,0.10%,,0.07%,,0.06%,,0.07%
26-Aug-22,0.14%,,0.20%,,0.12%,,0.05%,,0.10%,,0.07%,,0.06%,,0.07%
27-Aug-22,0.14%,,0.21%,,0.12%,,0.05%,,0.10%,,0.07%,,0.06%,,0.07%
28-Aug-22,0.14%,,0.21%,,0.12%,,0.05%,,0.10%,,0.07%,,0.06%,,0.07%
29-Aug-22,0.14%,,0.21%,,0.12%,,0.05%,,0.10%,,0.07%,,0.06%,,0.07%
30-Aug-22,0.14%,,0.21%,,0.12%,,0.05%,,0.10%,,0.07%,,0.06%,,0.07%
31-Aug-22,0.14%,,0.21%,,0.12%,,0.05%,,0.10%,,0.07%,,0.06%,,0.07%
1-Sep-22,0.14%,,0.21%,,0.12%,,0.05%,,0.10%,,0.07%,,0.06%,,0.07%
2-Sep-22,0.14%,,0.21%,,0.12%,,0.05%,,0.10%,,0.07%,,0.06%,,0.07%
3-Sep-22,0.14%,,0.21%,,0.12%,,0.05%,,0.10%,,0.07%,,0.06%,,0.07%
4-Sep-22,0.14%,,0.21%,,0.12%,,0.05%,,0.10%,,0.07%,,0.06%,,0.07%
5-Sep-22,0.14%,,0.21%,,0.12%,,0.05%,,0.10%,,0.07%,,0.06%,,0.07%
6-Sep-22,0.14%,,0.21%,,0.12%,,0.05%,,0.11%,,0.07%,,0.06%,,0.07%
7-Sep-22,0.15%,,0.21%,,0.13%,,0.05%,,0.11%,,0.07%,,0.06%,,0.07%
8-Sep-22,0.15%,,0.21%,,0.13%,,0.06%,,0.11%,,0.07%,,0.06%,,0.07%
9-Sep-22,0.15%,,0.21%,,0.13%,,0.06%,,0.11%,,0.07%,,0.06%,,0.07%
10-Sep-22,0.15%,,0.21%,,0.13%,,0.06%,,0.11%,,0.07%,,0.06%,,0.07%
11-Sep-22,0.15%,,0.21%,,0.13%,,0.06%,,0.11%,,0.07%,,0.06%,,0.07%
12-Sep-22,0.15%,,0.21%,,0.13%,,0.06%,,0.11%,,0.07%,,0.06%,,0.07%
13-Sep-22,0.15%,,0.21%,,0.13%,,0.06%,,0.11%,,0.07%,,0.06%,,0.07%
14-Sep-22,0.15%,,0.21%,,0.13%,,0.06%,,0.11%,,0.07%,,0.06%,,0.07%
15-Sep-22,0.15%,,0.21%,,0.13%,,0.06%,,0.11%,,0.07%,,0.06%,,0.07%
16-Sep-22,0.15%,,0.21%,,0.13%,,0.06%,,0.12%,,0.08%,,0.06%,,0.07%
17-Sep-22,0.15%,,0.21%,,0.13%,,0.06%,,0.12%,,0.08%,,0.06%,,0.07%
18-Sep-22,0.15%,,0.21%,,0.13%,,0.06%,,0.12%,,0.08%,,0.06%,,0.07%
19-Sep-22,0.15%,,0.21%,,0.13%,,0.06%,,0.12%,,0.08%,,0.06%,,0.07%
20-Sep-22,0.15%,,0.21%,,0.13%,,0.06%,,0.12%,,0.08%,,0.06%,,0.07%
21-Sep-22,0.15%,,0.21%,,0.13%,,0.06%,,0.12%,,0.08%,,0.06%,,0.07%
22-Sep-22,0.15%,,0.21%,,0.13%,,0.06%,,0.12%,,0.08%,,0.06%,,0.07%
23-Sep-22,0.15%,,0.21%,,0.13%,,0.06%,,0.12%,,0.08%,,0.06%,,0.07%
24-Sep-22,0.15%,,0.21%,,0.13%,,0.06%,,0.12%,,0.08%,,0.06%,,0.07%
25-Sep-22,0.15%,,0.21%,,0.13%,,0.06%,,0.12%,,0.08%,,0.06%,,0.07%
26-Sep-22,0.15%,,0.21%,,0.13%,,0.06%,,0.12%,,0.08%,,0.06%,,0.07%
27-Sep-22,0.15%,,0.21%,,0.13%,,0.06%,,0.12%,,0.08%,,0.06%,,0.07%
28-Sep-22,0.15%,,0.21%,,0.13%,,0.06%,,0.12%,,0.08%,,0.06%,,0.07%
29-Sep-22,0.15%,,0.21%,,0.13%,,0.06%,,0.12%,,0.08%,,0.06%,,0.07%
30-Sep-22,0.15%,,0.22%,,0.13%,,0.06%,,0.12%,,0.08%,,0.06%,,0.08%
1-Oct-22,0.15%,,0.22%,,0.13%,,0.06%,,0.12%,,0.08%,,0.06%,,0.08%
2-Oct-22,0.15%,,0.22%,,0.13%,,0.06%,,0.12%,,0.08%,,0.06%,,0.08%
3-Oct-22,0.15%,,0.22%,,0.13%,,0.06%,,0.12%,,0.08%,,0.06%,,0.08%
4-Oct-22,0.15%,,0.22%,,0.13%,,0.06%,,0.12%,,0.08%,,0.06%,,0.08%
5-Oct-22,0.15%,,0.22%,,0.13%,,0.06%,,0.12%,,0.08%,,0.06%,,0.08%
6-Oct-22,0.15%,,0.22%,,0.13%,,0.06%,,0.12%,,0.08%,,0.06%,,0.08%
7-Oct-22,0.15%,,0.22%,,0.13%,,0.06%,,0.13%,,0.08%,,0.06%,,0.08%
8-Oct-22,0.15%,,0.22%,,0.13%,,0.06%,,0.13%,,0.08%,,0.06%,,0.08%
9-Oct-22,0.15%,,0.22%,,0.13%,,0.06%,,0.13%,,0.08%,,0.06%,,0.08%
10-Oct-22,0.15%,,0.22%,,0.13%,,0.06%,,0.13%,,0.08%,,0.06%,,0.08%
11-Oct-22,0.15%,,0.22%,,0.13%,,0.06%,,0.13%,,0.08%,,0.06%,,0.08%
12-Oct-22,0.15%,,0.22%,,0.13%,,0.06%,,0.13%,,0.08%,,0.06%,,0.08%
13-Oct-22,0.15%,,0.22%,,0.13%,,0.06%,,0.13%,,0.08%,,0.06%,,0.08%
14-Oct-22,0.15%,,0.22%,,0.14%,,0.06%,,0.13%,,0.08%,,0.06%,,0.08%
15-Oct-22,0.15%,,0.22%,,0.14%,,0.06%,,0.13%,,0.08%,,0.06%,,0.08%
16-Oct-22,0.15%,,0.22%,,0.14%,,0.06%,,0.13%,,0.08%,,0.06%,,0.08%
17-Oct-22,0.15%,,0.22%,,0.14%,,0.06%,,0.13%,,0.08%,,0.06%,,0.08%
18-Oct-22,0.15%,,0.22%,,0.14%,,0.06%,,0.13%,,0.08%,,0.06%,,0.08%
19-Oct-22,0.15%,,0.22%,,0.14%,,0.06%,,0.13%,,0.08%,,0.06%,,0.08%
20-Oct-22,0.15%,,0.22%,,0.14%,,0.06%,,0.13%,,0.08%,,0.06%,,0.08%
21-Oct-22,0.15%,,0.22%,,0.14%,,0.06%,,0.13%,,0.08%,,0.06%,,0.08%
22-Oct-22,0.15%,,0.22%,,0.14%,,0.06%,,0.13%,,0.08%,,0.06%,,0.08%
23-Oct-22,0.15%,,0.22%,,0.14%,,0.06%,,0.13%,,0.08%,,0.06%,,0.08%
24-Oct-22,0.15%,,0.22%,,0.14%,,0.06%,,0.13%,,0.08%,,0.06%,,0.08%
25-Oct-22,0.15%,,0.22%,,0.14%,,0.06%,,0.13%,,0.08%,,0.06%,,0.08%
26-Oct-22,0.15%,,0.22%,,0.14%,,0.06%,,0.13%,,0.08%,,0.06%,,0.08%
27-Oct-22,0.15%,,0.22%,,0.14%,,0.06%,,0.13%,,0.08%,,0.06%,,0.08%
28-Oct-22,0.15%,,0.22%,,0.14%,,0.06%,,0.13%,,0.08%,,0.06%,,0.08%
29-Oct-22,0.15%,,0.22%,,0.14%,,0.06%,,0.13%,,0.08%,,0.06%,,0.08%
30-Oct-22,0.15%,,0.22%,,0.14%,,0.06%,,0.13%,,0.08%,,0.06%,,0.08%
31-Oct-22,0.15%,,0.22%,,0.14%,,0.06%,,0.13%,,0.08%,,0.06%,,0.08%
1-Nov-22,0.15%,,0.22%,,0.14%,,0.06%,,0.13%,,0.08%,,0.06%,,0.08%
2-Nov-22,0.15%,,0.22%,,0.14%,,0.06%,,0.13%,,0.08%,,0.06%,,0.08%
3-Nov-22,0.15%,,0.22%,,0.14%,,0.06%,,0.13%,,0.08%,,0.06%,,0.08%
4-Nov-22,0.15%,,0.22%,,0.14%,,0.06%,,0.14%,,0.08%,,0.06%,,0.08%
5-Nov-22,0.15%,,0.22%,,0.14%,,0.06%,,0.14%,,0.08%,,0.06%,,0.08%
6-Nov-22,0.15%,,0.22%,,0.14%,,0.06%,,0.14%,,0.08%,,0.06%,,0.08%
7-Nov-22,0.15%,,0.22%,,0.14%,,0.06%,,0.14%,,0.08%,,0.06%,,0.08%
8-Nov-22,0.15%,,0.22%,,0.14%,,0.06%,,0.14%,,0.08%,,0.06%,,0.08%
9-Nov-22,0.15%,,0.22%,,0.14%,,0.06%,,0.14%,,0.08%,,0.06%,,0.08%
10-Nov-22,0.15%,,0.22%,,0.14%,,0.06%,,0.14%,,0.08%,,0.06%,,0.08%
11-Nov-22,0.15%,,0.22%,,0.14%,,0.06%,,0.13%,,0.08%,,0.06%,,0.08%
12-Nov-22,0.15%,,0.22%,,0.14%,,0.06%,,0.13%,,0.08%,,0.06%,,0.08%
13-Nov-22,0.15%,,0.22%,,0.14%,,0.06%,,0.13%,,0.08%,,0.06%,,0.08%
14-Nov-22,0.15%,,0.22%,,0.14%,,0.06%,,0.13%,,0.08%,,0.06%,,0.08%
15-Nov-22,0.15%,,0.22%,,0.14%,,0.06%,,0.13%,,0.08%,,0.06%,,0.08%
16-Nov-22,0.15%,,0.22%,,0.14%,,0.06%,,0.13%,,0.08%,,0.06%,,0.08%
17-Nov-22,0.15%,,0.22%,,0.14%,,0.06%,,0.13%,,0.08%,,0.06%,,0.08%
18-Nov-22,0.15%,,0.22%,,0.14%,,0.06%,,0.13%,,0.08%,,0.06%,,0.08%
19-Nov-22,0.15%,,0.22%,,0.14%,,0.06%,,0.13%,,0.08%,,0.06%,,0.08%
20-Nov-22,0.15%,,0.22%,,0.14%,,0.06%,,0.13%,,0.08%,,0.06%,,0.08%
21-Nov-22,0.15%,,0.22%,,0.14%,,0.06%,,0.13%,,0.08%,,0.06%,,0.08%
22-Nov-22,0.15%,,0.22%,,0.14%,,0.06%,,0.13%,,0.08%,,0.06%,,0.08%
23-Nov-22,0.15%,,0.22%,,0.14%,,0.06%,,0.13%,,0.08%,,0.06%,,0.08%
24-Nov-22,0.15%,,0.22%,,0.14%,,0.06%,,0.13%,,0.08%,,0.06%,,0.08%
25-Nov-22,0.15%,,0.22%,,0.14%,,0.06%,,0.13%,,0.08%,,0.06%,,0.08%
26-Nov-22,0.15%,,0.22%,,0.14%,,0.06%,,0.13%,,0.08%,,0.06%,,0.08%
27-Nov-22,0.15%,,0.22%,,0.14%,,0.06%,,0.13%,,0.08%,,0.06%,,0.08%
28-Nov-22,0.15%,,0.22%,,0.14%,,0.06%,,0.13%,,0.08%,,0.06%,,0.08%
29-Nov-22,0.15%,,0.22%,,0.14%,,0.06%,,0.13%,,0.08%,,0.06%,,0.08%
30-Nov-22,0.15%,,0.22%,,0.14%,,0.06%,,0.13%,,0.08%,,0.06%,,0.08%
1-Dec-22,0.15%,,0.22%,,0.14%,,0.06%,,0.13%,,0.08%,,0.06%,,0.08%
2-Dec-22,0.15%,,0.22%,,0.14%,,0.06%,,0.13%,,0.08%,,0.06%,,0.08%
3-Dec-22,0.15%,,0.22%,,0.14%,,0.06%,,0.13%,,0.08%,,0.06%,,0.08%
4-Dec-22,0.15%,,0.22%,,0.14%,,0.06%,,0.13%,,0.08%,,0.06%,,0.08%
5-Dec-22,0.15%,,0.22%,,0.14%,,0.06%,,0.13%,,0.08%,,0.06%,,0.08%
6-Dec-22,0.15%,,0.22%,,0.14%,,0.06%,,0.13%,,0.08%,,0.06%,,0.08%
7-Dec-22,0.15%,,0.22%,,0.14%,,0.06%,,0.13%,,0.08%,,0.06%,,0.08%
8-Dec-22,0.15%,,0.22%,,0.14%,,0.06%,,0.13%,,0.08%,,0.06%,,0.08%
9-Dec-22,0.15%,,0.22%,,0.14%,,0.06%,,0.13%,,0.08%,,0.06%,,0.08%
10-Dec-22,0.15%,,0.22%,,0.14%,,0.06%,,0.13%,,0.08%,,0.06%,,0.08%
11-Dec-22,0.15%,,0.22%,,0.14%,,0.06%,,0.13%,,0.08%,,0.06%,,0.08%
12-Dec-22,0.15%,,0.22%,,0.14%,,0.06%,,0.13%,,0.08%,,0.06%,,0.08%
13-Dec-22,0.15%,,0.22%,,0.14%,,0.06%,,0.13%,,0.08%,,0.06%,,0.08%
14-Dec-22,0.15%,,0.22%,,0.14%,,0.06%,,0.13%,,0.08%,,0.06%,,0.08%
15-Dec-22,0.15%,,0.22%,,0.14%,,0.06%,,0.13%,,0.08%,,0.06%,,0.08%
16-Dec-22,0.15%,,0.22%,,0.14%,,0.07%,,0.13%,,0.08%,,0.06%,,0.08%
17-Dec-22,0.15%,,0.22%,,0.14%,,0.07%,,0.13%,,0.08%,,0.06%,,0.08%
18-Dec-22,0.15%,,0.22%,,0.14%,,0.07%,,0.13%,,0.08%,,0.06%,,0.08%
19-Dec-22,0.15%,,0.22%,,0.14%,,0.07%,,0.13%,,0.08%,,0.06%,,0.08%
20-Dec-22,0.15%,,0.22%,,0.14%,,0.07%,,0.13%,,0.08%,,0.06%,,0.08%
21-Dec-22,0.15%,,0.22%,,0.14%,,0.07%,,0.13%,,0.08%,,0.06%,,0.08%
22-Dec-22,0.15%,,0.22%,,0.14%,,0.07%,,0.13%,,0.08%,,0.06%,,0.08%
23-Dec-22,0.15%,,0.22%,,0.14%,,0.07%,,0.13%,,0.08%,,0.06%,,0.08%
24-Dec-22,0.15%,,0.22%,,0.14%,,0.07%,,0.13%,,0.08%,,0.06%,,0.08%
25-Dec-22,0.15%,,0.22%,,0.14%,,0.07%,,0.13%,,0.08%,,0.06%,,0.08%
26-Dec-22,0.15%,,0.22%,,0.14%,,0.07%,,0.13%,,0.08%,,0.06%,,0.08%
27-Dec-22,0.15%,,0.22%,,0.14%,,0.07%,,0.13%,,0.08%,,0.06%,,0.08%
28-Dec-22,0.15%,,0.22%,,0.14%,,0.07%,,0.13%,,0.08%,,0.06%,,0.08%
29-Dec-22,0.15%,,0.22%,,0.14%,,0.07%,,0.13%,,0.08%,,0.06%,,0.08%
30-Dec-22,0.15%,,0.23%,,0.14%,,0.07%,,0.13%,,0.08%,,0.06%,,0.08%
31-Dec-22,0.15%,,0.23%,,0.14%,,0.07%,,0.13%,,0.08%,,0.06%,,0.08%
1-Jan-23,0.15%,,0.23%,,0.14%,,0.07%,,0.13%,,0.08%,,0.06%,,0.08%
2-Jan-23,0.15%,,0.23%,,0.14%,,0.07%,,0.13%,,0.08%,,0.06%,,0.08%
3-Jan-23,0.15%,,0.23%,,0.14%,,0.07%,,0.13%,,0.08%,,0.06%,,0.08%
4-Jan-23,0.15%,,0.23%,,0.14%,,0.07%,,0.13%,,0.08%,,0.06%,,0.08%
5-Jan-23,0.15%,,0.23%,,0.14%,,0.07%,,0.13%,,0.08%,,0.06%,,0.08%
6-Jan-23,0.15%,,0.23%,,0.14%,,0.07%,,0.14%,,0.08%,,0.06%,,0.08%
7-Jan-23,0.15%,,0.23%,,0.14%,,0.07%,,0.14%,,0.08%,,0.06%,,0.08%
8-Jan-23,0.15%,,0.23%,,0.14%,,0.07%,,0.14%,,0.08%,,0.06%,,0.08%
9-Jan-23,0.15%,,0.23%,,0.14%,,0.07%,,0.14%,,0.08%,,0.06%,,0.08%
10-Jan-23,0.15%,,0.23%,,0.14%,,0.07%,,0.14%,,0.08%,,0.06%,,0.08%
11-Jan-23,0.15%,,0.23%,,0.14%,,0.07%,,0.14%,,0.08%,,0.06%,,0.08%
12-Jan-23,0.15%,,0.23%,,0.14%,,0.07%,,0.14%,,0.08%,,0.06%,,0.08%
13-Jan-23,0.16%,,0.23%,,0.14%,,0.07%,,0.14%,,0.08%,,0.07%,,0.08%
14-Jan-23,0.16%,,0.23%,,0.14%,,0.07%,,0.14%,,0.08%,,0.07%,,0.08%
15-Jan-23,0.16%,,0.23%,,0.14%,,0.07%,,0.14%,,0.08%,,0.07%,,0.08%
16-Jan-23,0.16%,,0.23%,,0.14%,,0.07%,,0.14%,,0.08%,,0.07%,,0.08%
17-Jan-23,0.16%,,0.23%,,0.14%,,0.07%,,0.14%,,0.08%,,0.07%,,0.08%
18-Jan-23,0.16%,,0.23%,,0.14%,,0.07%,,0.14%,,0.08%,,0.07%,,0.08%
19-Jan-23,0.16%,,0.23%,,0.14%,,0.07%,,0.14%,,0.08%,,0.07%,,0.08%
20-Jan-23,0.16%,,0.24%,,0.15%,,0.07%,,0.14%,,0.09%,,0.06%,,0.08%
21-Jan-23,0.16%,,0.24%,,0.15%,,0.07%,,0.14%,,0.09%,,0.06%,,0.08%
22-Jan-23,0.16%,,0.24%,,0.15%,,0.07%,,0.14%,,0.09%,,0.06%,,0.08%
23-Jan-23,0.16%,,0.24%,,0.15%,,0.07%,,0.14%,,0.09%,,0.06%,,0.08%
24-Jan-23,0.16%,,0.24%,,0.15%,,0.07%,,0.14%,,0.09%,,0.06%,,0.08%
25-Jan-23,0.16%,,0.24%,,0.15%,,0.07%,,0.14%,,0.09%,,0.06%,,0.08%
26-Jan-23,0.16%,,0.24%,,0.15%,,0.07%,,0.14%,,0.09%,,0.06%,,0.08%
27-Jan-23,0.16%,,0.25%,,0.15%,,0.07%,,0.14%,,0.09%,,0.07%,,0.08%
